i,label_idx
0,3
1,11
2,10
3,11
4,11
5,7
6,3
7,8
8,6
9,11
10,8
11,11
12,11
13,11
14,11
15,0
16,11
17,11
18,11
19,9
20,2
21,11
22,3
23,1
24,11
25,7
26,11
27,1
28,11
29,11
30,10
31,11
32,11
33,11
34,2
35,11
36,11
37,7
38,11
39,0
40,11
41,7
42,11
43,2
44,5
45,8
46,11
47,11
48,11
49,9
50,11
51,11
52,11
53,0
54,7
55,11
56,6
57,11
58,6
59,11
60,11
61,11
62,0
63,11
64,8
65,11
66,11
67,6
68,11
69,11
70,11
71,11
72,11
73,11
74,7
75,1
76,11
77,11
78,11
79,11
80,1
81,11
82,11
83,5
84,11
85,11
86,11
87,11
88,5
89,0
90,9
91,11
92,11
93,1
94,2
95,11
96,11
97,11
98,8
99,8
100,11
101,11
102,11
103,11
104,9
105,0
106,10
107,11
108,11
109,5
110,8
111,4
112,11
113,11
114,11
115,11
116,0
117,5
118,0
119,11
120,11
121,11
122,11
123,11
124,9
125,11
126,11
127,11
128,11
129,11
130,3
131,11
132,11
133,11
134,6
135,11
136,11
137,11
138,3
139,3
140,11
141,2
142,11
143,0
144,11
145,11
146,11
147,11
148,11
149,11
150,3
151,11
152,11
153,11
154,6
155,11
156,0
157,0
158,11
159,3
160,11
161,5
162,9
163,11
164,11
165,11
166,11
167,5
168,11
169,11
170,11
171,11
172,11
173,11
174,11
175,4
176,11
177,11
178,11
179,11
180,11
181,11
182,8
183,11
184,11
185,8
186,11
187,8
188,6
189,1
190,11
191,11
192,11
193,11
194,11
195,11
196,11
197,11
198,11
199,3
200,4
201,11
202,11
203,11
204,11
205,11
206,2
207,7
208,2
209,9
210,3
211,9
212,11
213,2
214,4
215,11
216,9
217,11
218,11
219,11
220,11
221,6
222,11
223,11
224,11
225,5
226,11
227,5
228,11
229,11
230,11
231,11
232,9
233,11
234,11
235,2
236,11
237,11
238,11
239,7
240,5
241,11
242,11
243,11
244,0
245,11
246,5
247,6
248,11
249,0
250,1
251,6
252,11
253,11
254,0
255,11
256,11
257,11
258,11
259,9
260,3
261,11
262,7
263,11
264,11
265,2
266,11
267,11
268,11
269,11
270,11
271,6
272,11
273,11
274,9
275,11
276,9
277,11
278,11
279,9
280,11
281,6
282,11
283,11
284,3
285,11
286,9
287,11
288,11
289,8
290,11
291,11
292,11
293,11
294,11
295,6
296,11
297,11
298,0
299,0
300,6
301,4
302,11
303,11
304,11
305,11
306,11
307,11
308,11
309,11
310,2
311,11
312,11
313,11
314,11
315,8
316,3
317,9
318,11
319,4
320,11
321,3
322,11
323,6
324,11
325,1
326,7
327,9
328,11
329,11
330,11
331,3
332,11
333,11
334,6
335,11
336,11
337,5
338,11
339,7
340,1
341,4
342,11
343,6
344,11
345,11
346,11
347,11
348,11
349,9
350,11
351,11
352,11
353,11
354,11
355,11
356,11
357,11
358,11
359,11
360,6
361,11
362,7
363,11
364,11
365,11
366,11
367,6
368,0
369,11
370,11
371,11
372,11
373,7
374,11
375,11
376,4
377,5
378,7
379,3
380,11
381,11
382,9
383,11
384,2
385,11
386,1
387,11
388,10
389,11
390,11
391,11
392,6
393,0
394,11
395,8
396,5
397,11
398,11
399,11
400,6
401,1
402,11
403,6
404,11
405,11
406,11
407,5
408,11
409,11
410,0
411,11
412,10
413,11
414,11
415,3
416,5
417,11
418,11
419,11
420,11
421,11
422,11
423,11
424,11
425,11
426,11
427,11
428,11
429,11
430,1
431,5
432,1
433,11
434,4
435,11
436,11
437,11
438,0
439,11
440,11
441,11
442,7
443,2
444,11
445,11
446,11
447,11
448,4
449,11
450,11
451,7
452,11
453,11
454,5
455,11
456,8
457,11
458,11
459,11
460,11
461,11
462,11
463,5
464,6
465,11
466,11
467,9
468,11
469,11
470,11
471,11
472,8
473,8
474,11
475,11
476,11
477,11
478,11
479,11
480,6
481,6
482,11
483,3
484,7
485,11
486,11
487,11
488,11
489,11
490,11
491,0
492,11
493,9
494,6
495,11
496,11
497,9
498,9
499,11
500,2
501,11
502,11
503,11
504,7
505,11
506,11
507,11
508,11
509,11
510,11
511,11
512,2
513,6
514,11
515,11
516,4
517,11
518,11
519,11
520,5
521,3
522,7
523,11
524,11
525,11
526,9
527,4
528,11
529,11
530,11
531,11
532,11
533,11
534,11
535,11
536,11
537,11
538,8
539,1
540,3
541,11
542,2
543,11
544,11
545,11
546,11
547,11
548,11
549,11
550,1
551,0
552,11
553,0
554,11
555,5
556,11
557,2
558,2
559,11
560,11
561,11
562,3
563,1
564,11
565,11
566,2
567,2
568,11
569,11
570,11
571,11
572,11
573,11
574,7
575,9
576,2
577,9
578,1
579,11
580,11
581,0
582,1
583,11
584,11
585,11
586,11
587,11
588,11
589,11
590,4
591,11
592,11
593,11
594,9
595,11
596,11
597,11
598,11
599,8
600,6
601,11
602,11
603,5
604,11
605,6
606,11
607,11
608,11
609,11
610,5
611,11
612,11
613,2
614,6
615,5
616,11
617,11
618,2
619,11
620,1
621,11
622,11
623,11
624,0
625,2
626,7
627,7
628,11
629,2
630,1
631,11
632,11
633,11
634,7
635,8
636,11
637,3
638,9
639,1
640,11
641,1
642,11
643,11
644,11
645,11
646,3
647,11
648,11
649,11
650,0
651,11
652,11
653,11
654,11
655,11
656,0
657,5
658,1
659,11
660,11
661,4
662,0
663,11
664,11
665,11
666,11
667,11
668,11
669,11
670,11
671,3
672,11
673,11
674,11
675,11
676,11
677,11
678,11
679,0
680,11
681,3
682,11
683,9
684,11
685,11
686,11
687,11
688,9
689,11
690,11
691,11
692,11
693,0
694,11
695,11
696,11
697,11
698,11
699,11
700,11
701,11
702,1
703,11
704,11
705,4
706,11
707,6
708,11
709,11
710,2
711,11
712,11
713,10
714,11
715,2
716,0
717,11
718,8
719,11
720,11
721,9
722,11
723,1
724,4
725,0
726,11
727,11
728,2
729,7
730,0
731,11
732,11
733,11
734,5
735,6
736,3
737,9
738,1
739,11
740,11
741,11
742,6
743,11
744,11
745,4
746,11
747,11
748,11
749,11
750,11
751,11
752,7
753,5
754,11
755,11
756,11
757,5
758,11
759,11
760,11
761,11
762,11
763,11
764,11
765,11
766,11
767,11
768,11
769,4
770,1
771,11
772,11
773,10
774,11
775,2
776,11
777,11
778,6
779,11
780,11
781,11
782,11
783,1
784,11
785,4
786,2
787,2
788,11
789,11
790,11
791,11
792,11
793,9
794,11
795,11
796,11
797,8
798,11
799,11
800,11
801,11
802,11
803,11
804,11
805,9
806,11
807,11
808,3
809,11
810,11
811,4
812,11
813,11
814,11
815,11
816,11
817,11
818,5
819,11
820,11
821,11
822,0
823,11
824,11
825,8
826,0
827,11
828,3
829,6
830,0
831,10
832,4
833,11
834,1
835,11
836,11
837,11
838,6
839,6
840,11
841,8
842,11
843,11
844,11
845,11
846,11
847,4
848,11
849,5
850,11
851,11
852,11
853,11
854,11
855,11
856,0
857,1
858,11
859,11
860,11
861,7
862,11
863,11
864,11
865,11
866,11
867,0
868,2
869,3
870,11
871,3
872,11
873,11
874,2
875,11
876,1
877,8
878,11
879,11
880,11
881,11
882,4
883,11
884,4
885,11
886,11
887,2
888,11
889,11
890,11
891,5
892,8
893,11
894,11
895,2
896,7
897,11
898,11
899,11
900,0
901,3
902,11
903,11
904,11
905,7
906,11
907,11
908,11
909,7
910,9
911,11
912,11
913,4
914,1
915,11
916,11
917,7
918,0
919,7
920,11
921,2
922,11
923,10
924,11
925,11
926,1
927,7
928,6
929,11
930,11
931,9
932,11
933,11
934,11
935,11
936,11
937,11
938,11
939,9
940,0
941,11
942,4
943,7
944,11
945,11
946,11
947,11
948,4
949,11
950,0
951,6
952,11
953,11
954,11
955,0
956,11
957,11
958,11
959,11
960,11
961,11
962,1
963,11
964,11
965,11
966,5
967,11
968,11
969,11
970,11
971,11
972,4
973,8
974,11
975,11
976,11
977,11
978,11
979,9
980,11
981,3
982,11
983,4
984,11
985,9
986,11
987,4
988,11
989,11
990,3
991,11
992,7
993,11
994,11
995,11
996,11
997,11
998,11
999,11
1000,11
1001,11
1002,11
1003,11
1004,11
1005,11
1006,11
1007,11
1008,6
1009,11
1010,11
1011,11
1012,11
1013,4
1014,4
1015,11
1016,11
1017,11
1018,3
1019,11
1020,11
1021,11
1022,5
1023,2
1024,11
1025,5
1026,11
1027,11
1028,11
1029,11
1030,7
1031,8
1032,11
1033,3
1034,11
1035,2
1036,1
1037,1
1038,11
1039,11
1040,4
1041,11
1042,11
1043,11
1044,11
1045,5
1046,2
1047,4
1048,7
1049,11
1050,11
1051,11
1052,11
1053,6
1054,11
1055,11
1056,11
1057,11
1058,11
1059,11
1060,11
1061,11
1062,11
1063,11
1064,11
1065,9
1066,11
1067,8
1068,11
1069,11
1070,2
1071,5
1072,11
1073,11
1074,11
1075,11
1076,11
1077,11
1078,11
1079,0
1080,9
1081,3
1082,11
1083,11
1084,11
1085,3
1086,11
1087,2
1088,11
1089,9
1090,3
1091,11
1092,11
1093,3
1094,7
1095,11
1096,11
1097,11
1098,11
1099,11
1100,11
1101,11
1102,11
1103,5
1104,11
1105,11
1106,11
1107,11
1108,11
1109,3
1110,11
1111,8
1112,10
1113,1
1114,6
1115,11
1116,11
1117,8
1118,4
1119,11
1120,4
1121,11
1122,11
1123,11
1124,11
1125,11
1126,11
1127,8
1128,5
1129,11
1130,8
1131,11
1132,11
1133,6
1134,4
1135,11
1136,11
1137,11
1138,11
1139,9
1140,11
1141,11
1142,11
1143,11
1144,0
1145,11
1146,11
1147,11
1148,11
1149,11
1150,0
1151,6
1152,11
1153,11
1154,7
1155,11
1156,11
1157,0
1158,11
1159,8
1160,4
1161,11
1162,11
1163,2
1164,4
1165,11
1166,8
1167,11
1168,11
1169,11
1170,11
1171,11
1172,4
1173,11
1174,6
1175,1
1176,11
1177,11
1178,11
1179,11
1180,11
1181,11
1182,11
1183,10
1184,3
1185,11
1186,11
1187,11
1188,7
1189,11
1190,11
1191,11
1192,11
1193,11
1194,4
1195,11
1196,11
1197,11
1198,11
1199,11
1200,3
1201,8
1202,3
1203,11
1204,11
1205,11
1206,11
1207,11
1208,11
1209,11
1210,11
1211,8
1212,11
1213,11
1214,11
1215,11
1216,4
1217,11
1218,11
1219,11
1220,11
1221,11
1222,11
1223,8
1224,11
1225,11
1226,11
1227,11
1228,3
1229,11
1230,3
1231,10
1232,11
1233,11
1234,9
1235,11
1236,5
1237,4
1238,11
1239,11
1240,11
1241,11
1242,8
1243,11
1244,3
1245,6
1246,11
1247,11
1248,11
1249,3
1250,11
1251,11
1252,9
1253,3
1254,11
1255,11
1256,3
1257,4
1258,11
1259,1
1260,2
1261,11
1262,7
1263,8
1264,11
1265,11
1266,11
1267,1
1268,9
1269,11
1270,0
1271,11
1272,7
1273,11
1274,2
1275,11
1276,11
1277,2
1278,11
1279,11
1280,1
1281,11
1282,7
1283,11
1284,11
1285,11
1286,7
1287,3
1288,11
1289,1
1290,11
1291,11
1292,7
1293,5
1294,11
1295,8
1296,2
1297,11
1298,9
1299,11
1300,8
1301,7
1302,11
1303,11
1304,2
1305,11
1306,11
1307,11
1308,4
1309,11
1310,11
1311,11
1312,11
1313,11
1314,11
1315,11
1316,7
1317,11
1318,11
1319,2
1320,11
1321,11
1322,4
1323,8
1324,4
1325,11
1326,5
1327,11
1328,9
1329,6
1330,11
1331,7
1332,11
1333,11
1334,11
1335,6
1336,11
1337,9
1338,11
1339,4
1340,11
1341,9
1342,11
1343,11
1344,11
1345,7
1346,11
1347,11
1348,11
1349,1
1350,6
1351,5
1352,0
1353,11
1354,11
1355,11
1356,11
1357,11
1358,11
1359,0
1360,6
1361,11
1362,1
1363,11
1364,11
1365,3
1366,3
1367,2
1368,11
1369,11
1370,8
1371,3
1372,11
1373,9
1374,11
1375,11
1376,11
1377,1
1378,11
1379,9
1380,4
1381,11
1382,11
1383,10
1384,11
1385,2
1386,11
1387,0
1388,3
1389,11
1390,11
1391,11
1392,11
1393,2
1394,11
1395,11
1396,11
1397,11
1398,7
1399,11
1400,11
1401,11
1402,11
1403,11
1404,11
1405,1
1406,11
1407,11
1408,11
1409,11
1410,2
1411,3
1412,9
1413,11
1414,11
1415,11
1416,11
1417,11
1418,8
1419,11
1420,11
1421,3
1422,6
1423,0
1424,1
1425,4
1426,11
1427,11
1428,11
1429,11
1430,7
1431,8
1432,3
1433,1
1434,6
1435,11
1436,11
1437,3
1438,11
1439,5
1440,2
1441,11
1442,11
1443,11
1444,6
1445,11
1446,11
1447,6
1448,4
1449,0
1450,11
1451,9
1452,6
1453,11
1454,1
1455,11
1456,6
1457,11
1458,11
1459,11
1460,11
1461,11
1462,11
1463,11
1464,11
1465,11
1466,4
1467,11
1468,6
1469,11
1470,8
1471,11
1472,11
1473,11
1474,6
1475,11
1476,11
1477,11
1478,11
1479,11
1480,11
1481,5
1482,0
1483,9
1484,11
1485,4
1486,11
1487,11
1488,0
1489,11
1490,8
1491,11
1492,11
1493,11
1494,11
1495,11
1496,6
1497,2
1498,1
1499,11
1500,7
1501,10
1502,2
1503,11
1504,11
1505,11
1506,11
1507,11
1508,5
1509,11
1510,2
1511,9
1512,11
1513,11
1514,11
1515,11
1516,3
1517,11
1518,9
1519,6
1520,7
1521,2
1522,11
1523,11
1524,11
1525,6
1526,11
1527,6
1528,0
1529,11
1530,11
1531,11
1532,11
1533,11
1534,11
1535,11
1536,11
1537,5
1538,2
1539,2
1540,2
1541,11
1542,11
1543,3
1544,1
1545,11
1546,8
1547,11
1548,11
1549,11
1550,11
1551,11
1552,5
1553,11
1554,11
1555,11
1556,9
1557,11
1558,11
1559,11
1560,7
1561,2
1562,9
1563,5
1564,0
1565,7
1566,11
1567,11
1568,11
1569,1
1570,8
1571,11
1572,11
1573,11
1574,6
1575,2
1576,9
1577,6
1578,9
1579,11
1580,11
1581,11
1582,11
1583,11
1584,9
1585,5
1586,11
1587,7
1588,4
1589,11
1590,11
1591,11
1592,11
1593,11
1594,8
1595,11
1596,11
1597,11
1598,11
1599,11
1600,11
1601,2
1602,11
1603,3
1604,11
1605,1
1606,8
1607,11
1608,11
1609,3
1610,9
1611,11
1612,10
1613,3
1614,5
1615,11
1616,11
1617,11
1618,7
1619,11
1620,9
1621,8
1622,11
1623,4
1624,11
1625,11
1626,11
1627,11
1628,9
1629,4
1630,11
1631,11
1632,0
1633,8
1634,6
1635,11
1636,7
1637,11
1638,11
1639,11
1640,11
1641,1
1642,11
1643,3
1644,11
1645,2
1646,11
1647,11
1648,11
1649,11
1650,4
1651,5
1652,0
1653,11
1654,9
1655,11
1656,4
1657,11
1658,11
1659,1
1660,11
1661,11
1662,11
1663,11
1664,10
1665,11
1666,11
1667,11
1668,5
1669,7
1670,11
1671,11
1672,10
1673,11
1674,4
1675,11
1676,4
1677,11
1678,10
1679,11
1680,11
1681,11
1682,0
1683,0
1684,7
1685,11
1686,11
1687,11
1688,4
1689,11
1690,11
1691,8
1692,11
1693,11
1694,7
1695,4
1696,11
1697,9
1698,11
1699,11
1700,0
1701,0
1702,11
1703,11
1704,11
1705,11
1706,11
1707,4
1708,11
1709,11
1710,11
1711,11
1712,11
1713,11
1714,4
1715,11
1716,11
1717,11
1718,7
1719,8
1720,0
1721,11
1722,11
1723,11
1724,1
1725,11
1726,3
1727,1
1728,11
1729,11
1730,2
1731,11
1732,11
1733,11
1734,11
1735,11
1736,5
1737,1
1738,11
1739,11
1740,11
1741,11
1742,11
1743,11
1744,11
1745,3
1746,11
1747,7
1748,11
1749,11
1750,4
1751,5
1752,11
1753,11
1754,11
1755,11
1756,11
1757,11
1758,7
1759,11
1760,11
1761,11
1762,11
1763,8
1764,7
1765,11
1766,3
1767,11
1768,8
1769,6
1770,11
1771,11
1772,5
1773,1
1774,11
1775,11
1776,9
1777,11
1778,11
1779,11
1780,11
1781,11
1782,11
1783,1
1784,4
1785,1
1786,11
1787,11
1788,1
1789,11
1790,11
1791,3
1792,11
1793,11
1794,11
1795,11
1796,2
1797,11
1798,11
1799,11
1800,10
1801,11
1802,11
1803,1
1804,0
1805,11
1806,11
1807,11
1808,6
1809,11
1810,11
1811,11
1812,0
1813,11
1814,11
1815,5
1816,7
1817,11
1818,11
1819,8
1820,3
1821,11
1822,11
1823,11
1824,2
1825,11
1826,5
1827,2
1828,11
1829,11
1830,11
1831,11
1832,6
1833,0
1834,11
1835,11
1836,11
1837,4
1838,11
1839,11
1840,5
1841,11
1842,11
1843,4
1844,3
1845,3
1846,5
1847,11
1848,11
1849,1
1850,11
1851,7
1852,11
1853,9
1854,11
1855,2
1856,11
1857,11
1858,11
1859,7
1860,11
1861,1
1862,6
1863,4
1864,9
1865,2
1866,11
1867,11
1868,0
1869,11
1870,11
1871,5
1872,11
1873,6
1874,9
1875,6
1876,11
1877,11
1878,11
1879,11
1880,10
1881,2
1882,3
1883,0
1884,9
1885,11
1886,11
1887,8
1888,11
1889,11
1890,11
1891,11
1892,11
1893,11
1894,11
1895,6
1896,11
1897,1
1898,11
1899,11
1900,4
1901,11
1902,11
1903,11
1904,11
1905,11
1906,8
1907,11
1908,11
1909,11
1910,11
1911,11
1912,11
1913,5
1914,1
1915,11
1916,4
1917,5
1918,11
1919,10
1920,11
1921,11
1922,11
1923,11
1924,11
1925,2
1926,11
1927,11
1928,11
1929,3
1930,11
1931,6
1932,2
1933,11
1934,11
1935,7
1936,11
1937,11
1938,11
1939,11
1940,11
1941,11
1942,11
1943,2
1944,4
1945,11
1946,11
1947,5
1948,11
1949,11
1950,4
1951,5
1952,11
1953,11
1954,11
1955,11
1956,9
1957,11
1958,11
1959,6
1960,4
1961,10
1962,11
1963,11
1964,2
1965,0
1966,11
1967,11
1968,11
1969,0
1970,11
1971,2
1972,11
1973,2
1974,11
1975,3
1976,0
1977,11
1978,3
1979,11
1980,2
1981,11
1982,11
1983,11
1984,11
1985,11
1986,0
1987,11
1988,11
1989,0
1990,11
1991,7
1992,11
1993,11
1994,11
1995,1
1996,2
1997,11
1998,11
1999,11
2000,4
2001,11
2002,11
2003,5
2004,11
2005,1
2006,8
2007,11
2008,11
2009,11
2010,1
2011,11
2012,11
2013,3
2014,11
2015,11
2016,11
2017,7
2018,11
2019,11
2020,11
2021,11
2022,11
2023,7
2024,11
2025,11
2026,11
2027,5
2028,11
2029,7
2030,1
2031,11
2032,11
2033,11
2034,11
2035,10
2036,11
2037,11
2038,11
2039,11
2040,11
2041,11
2042,0
2043,11
2044,3
2045,11
2046,11
2047,0
2048,11
2049,11
2050,3
2051,11
2052,11
2053,11
2054,11
2055,11
2056,4
2057,0
2058,3
2059,11
2060,3
2061,11
2062,11
2063,11
2064,11
2065,11
2066,7
2067,11
2068,3
2069,11
2070,11
2071,8
2072,11
2073,11
2074,8
2075,11
2076,11
2077,9
2078,11
2079,11
2080,11
2081,6
2082,11
2083,11
2084,4
2085,3
2086,6
2087,11
2088,11
2089,4
2090,9
2091,2
2092,6
2093,3
2094,6
2095,7
2096,11
2097,2
2098,11
2099,11
2100,11
2101,11
2102,11
2103,11
2104,11
2105,11
2106,7
2107,0
2108,8
2109,11
2110,7
2111,11
2112,0
2113,11
2114,11
2115,11
2116,11
2117,11
2118,6
2119,4
2120,8
2121,6
2122,10
2123,11
2124,11
2125,2
2126,11
2127,0
2128,11
2129,11
2130,11
2131,11
2132,1
2133,7
2134,11
2135,11
2136,7
2137,11
2138,11
2139,11
2140,2
2141,11
2142,11
2143,11
2144,0
2145,2
2146,11
2147,1
2148,4
2149,3
2150,11
2151,11
2152,11
2153,1
2154,0
2155,7
2156,11
2157,8
2158,11
2159,7
2160,5
2161,11
2162,11
2163,11
2164,8
2165,11
2166,11
2167,8
2168,7
2169,11
2170,11
2171,11
2172,11
2173,1
2174,1
2175,11
2176,5
2177,11
2178,11
2179,3
2180,11
2181,11
2182,10
2183,11
2184,11
2185,3
2186,11
2187,4
2188,11
2189,11
2190,10
2191,11
2192,11
2193,11
2194,11
2195,11
2196,11
2197,11
2198,11
2199,11
2200,11
2201,11
2202,4
2203,5
2204,1
2205,3
2206,11
2207,7
2208,11
2209,11
2210,11
2211,11
2212,3
2213,11
2214,11
2215,5
2216,1
2217,6
2218,5
2219,11
2220,11
2221,11
2222,11
2223,8
2224,0
2225,7
2226,11
2227,3
2228,11
2229,11
2230,11
2231,11
2232,1
2233,11
2234,4
2235,4
2236,11
2237,11
2238,11
2239,3
2240,8
2241,11
2242,11
2243,4
2244,0
2245,11
2246,9
2247,11
2248,2
2249,11
2250,6
2251,11
2252,2
2253,11
2254,4
2255,11
2256,11
2257,11
2258,11
2259,3
2260,11
2261,11
2262,5
2263,7
2264,11
2265,11
2266,11
2267,11
2268,11
2269,8
2270,11
2271,5
2272,11
2273,9
2274,11
2275,11
2276,8
2277,11
2278,11
2279,11
2280,11
2281,0
2282,11
2283,4
2284,10
2285,1
2286,5
2287,1
2288,11
2289,11
2290,11
2291,11
2292,11
2293,2
2294,11
2295,9
2296,11
2297,11
2298,11
2299,2
2300,11
2301,11
2302,11
2303,11
2304,11
2305,11
2306,11
2307,6
2308,0
2309,11
2310,1
2311,11
2312,7
2313,2
2314,5
2315,11
2316,9
2317,11
2318,7
2319,11
2320,11
2321,11
2322,11
2323,11
2324,11
2325,7
2326,11
2327,5
2328,11
2329,6
2330,11
2331,11
2332,0
2333,11
2334,5
2335,4
2336,11
2337,11
2338,5
2339,11
2340,11
2341,11
2342,11
2343,4
2344,6
2345,11
2346,11
2347,6
2348,11
2349,3
2350,11
2351,11
2352,11
2353,11
2354,8
2355,11
2356,0
2357,11
2358,11
2359,11
2360,11
2361,5
2362,11
2363,7
2364,11
2365,11
2366,11
2367,2
2368,11
2369,11
2370,11
2371,11
2372,8
2373,4
2374,11
2375,11
2376,11
2377,0
2378,5
2379,11
2380,11
2381,11
2382,4
2383,11
2384,6
2385,11
2386,3
2387,8
2388,11
2389,1
2390,0
2391,11
2392,11
2393,11
2394,11
2395,11
2396,7
2397,9
2398,11
2399,6
2400,11
2401,11
2402,11
2403,11
2404,11
2405,11
2406,5
2407,0
2408,11
2409,7
2410,11
2411,9
2412,8
2413,11
2414,11
2415,11
2416,11
2417,2
2418,11
2419,11
2420,11
2421,11
2422,11
2423,11
2424,5
2425,9
2426,11
2427,0
2428,5
2429,4
2430,11
2431,11
2432,11
2433,2
2434,7
2435,11
2436,11
2437,8
2438,6
2439,7
2440,6
2441,5
2442,6
2443,11
2444,11
2445,11
2446,11
2447,11
2448,11
2449,11
2450,11
2451,11
2452,3
2453,11
2454,11
2455,11
2456,11
2457,10
2458,2
2459,11
2460,11
2461,0
2462,11
2463,2
2464,11
2465,9
2466,9
2467,11
2468,3
2469,11
2470,11
2471,6
2472,0
2473,5
2474,1
2475,5
2476,11
2477,11
2478,5
2479,11
2480,1
2481,1
2482,11
2483,4
2484,1
2485,7
2486,11
2487,1
2488,7
2489,11
2490,1
2491,6
2492,1
2493,11
2494,11
2495,7
2496,8
2497,8
2498,11
2499,11
2500,11
2501,11
2502,0
2503,8
2504,11
2505,11
2506,11
2507,11
2508,3
2509,3
2510,11
2511,10
2512,11
2513,9
2514,11
2515,11
2516,11
2517,7
2518,11
2519,11
2520,11
2521,11
2522,5
2523,0
2524,11
2525,11
2526,2
2527,3
2528,11
2529,11
2530,0
2531,3
2532,11
2533,9
2534,11
2535,11
2536,11
2537,3
2538,11
2539,11
2540,7
2541,5
2542,4
2543,9
2544,8
2545,11
2546,2
2547,3
2548,0
2549,11
2550,0
2551,11
2552,10
2553,11
2554,11
2555,11
2556,11
2557,5
2558,11
2559,11
2560,1
2561,11
2562,11
2563,11
2564,3
2565,11
2566,11
2567,7
2568,11
2569,11
2570,0
2571,8
2572,2
2573,11
2574,8
2575,6
2576,11
2577,11
2578,1
2579,6
2580,11
2581,11
2582,11
2583,11
2584,11
2585,0
2586,11
2587,11
2588,5
2589,11
2590,5
2591,11
2592,11
2593,1
2594,3
2595,11
2596,5
2597,11
2598,7
2599,1
2600,6
2601,11
2602,3
2603,11
2604,11
2605,11
2606,2
2607,9
2608,11
2609,2
2610,11
2611,11
2612,9
2613,11
2614,9
2615,11
2616,11
2617,11
2618,11
2619,11
2620,11
2621,11
2622,3
2623,7
2624,11
2625,3
2626,11
2627,7
2628,11
2629,7
2630,7
2631,11
2632,11
2633,10
2634,9
2635,11
2636,6
2637,11
2638,0
2639,11
2640,11
2641,11
2642,11
2643,3
2644,11
2645,0
2646,11
2647,11
2648,2
2649,6
2650,11
2651,3
2652,0
2653,2
2654,9
2655,9
2656,2
2657,11
2658,11
2659,11
2660,11
2661,6
2662,11
2663,6
2664,11
2665,11
2666,11
2667,11
2668,11
2669,0
2670,8
2671,0
2672,0
2673,11
2674,7
2675,11
2676,6
2677,9
2678,11
2679,11
2680,11
2681,11
2682,11
2683,11
2684,11
2685,11
2686,2
2687,11
2688,11
2689,11
2690,11
2691,11
2692,9
2693,0
2694,6
2695,11
2696,11
2697,11
2698,11
2699,11
2700,11
2701,0
2702,11
2703,11
2704,11
2705,11
2706,11
2707,5
2708,11
2709,4
2710,11
2711,11
2712,2
2713,11
2714,11
2715,6
2716,11
2717,11
2718,0
2719,11
2720,4
2721,3
2722,11
2723,11
2724,11
2725,5
2726,8
2727,2
2728,11
2729,11
2730,11
2731,8
2732,3
2733,11
2734,2
2735,11
2736,0
2737,5
2738,11
2739,11
2740,11
2741,8
2742,6
2743,11
2744,11
2745,4
2746,11
2747,0
2748,1
2749,11
2750,11
2751,7
2752,11
2753,11
2754,11
2755,11
2756,5
2757,11
2758,11
2759,11
2760,11
2761,11
2762,11
2763,11
2764,11
2765,11
2766,11
2767,11
2768,1
2769,11
2770,11
2771,3
2772,10
2773,11
2774,11
2775,11
2776,0
2777,9
2778,11
2779,3
2780,11
2781,11
2782,11
2783,3
2784,11
2785,11
2786,11
2787,11
2788,8
2789,11
2790,11
2791,11
2792,11
2793,11
2794,11
2795,2
2796,11
2797,3
2798,11
2799,11
2800,11
2801,11
2802,8
2803,2
2804,11
2805,11
2806,1
2807,11
2808,11
2809,11
2810,4
2811,11
2812,11
2813,11
2814,11
2815,11
2816,11
2817,11
2818,9
2819,11
2820,11
2821,11
2822,11
2823,11
2824,11
2825,6
2826,11
2827,11
2828,11
2829,11
2830,11
2831,11
2832,11
2833,5
2834,11
2835,11
2836,11
2837,11
2838,11
2839,11
2840,11
2841,11
2842,3
2843,11
2844,11
2845,9
2846,7
2847,4
2848,11
2849,9
2850,11
2851,11
2852,11
2853,11
2854,2
2855,11
2856,11
2857,11
2858,4
2859,11
2860,2
2861,11
2862,11
2863,1
2864,11
2865,4
2866,9
2867,3
2868,11
2869,11
2870,11
2871,6
2872,5
2873,11
2874,11
2875,5
2876,2
2877,11
2878,4
2879,7
2880,11
2881,11
2882,11
2883,11
2884,11
2885,11
2886,1
2887,9
2888,3
2889,11
2890,11
2891,11
2892,6
2893,11
2894,9
2895,11
2896,11
2897,11
2898,4
2899,5
2900,4
2901,11
2902,8
2903,9
2904,8
2905,8
2906,8
2907,0
2908,6
2909,11
2910,6
2911,11
2912,11
2913,11
2914,11
2915,6
2916,9
2917,9
2918,1
2919,1
2920,8
2921,4
2922,11
2923,11
2924,5
2925,4
2926,3
2927,3
2928,4
2929,11
2930,3
2931,8
2932,11
2933,11
2934,6
2935,11
2936,11
2937,11
2938,9
2939,11
2940,11
2941,11
2942,11
2943,11
2944,11
2945,11
2946,11
2947,11
2948,11
2949,11
2950,8
2951,11
2952,11
2953,11
2954,11
2955,4
2956,11
2957,11
2958,3
2959,11
2960,11
2961,9
2962,9
2963,5
2964,11
2965,11
2966,5
2967,7
2968,9
2969,3
2970,11
2971,11
2972,2
2973,0
2974,1
2975,11
2976,11
2977,11
2978,0
2979,8
2980,11
2981,6
2982,11
2983,11
2984,9
2985,2
2986,11
2987,11
2988,11
2989,4
2990,11
2991,11
2992,11
2993,4
2994,2
2995,10
2996,11
2997,11
2998,0
2999,11
3000,11
3001,5
3002,11
3003,11
3004,11
3005,11
3006,11
3007,7
3008,8
3009,11
3010,11
3011,11
3012,11
3013,11
3014,11
3015,11
3016,3
3017,11
3018,11
3019,5
3020,8
3021,11
3022,11
3023,11
3024,5
3025,3
3026,2
3027,11
3028,11
3029,11
3030,11
3031,11
3032,11
3033,11
3034,11
3035,4
3036,11
3037,7
3038,9
3039,11
3040,4
3041,11
3042,11
3043,11
3044,11
3045,11
3046,11
3047,11
3048,11
3049,11
3050,11
3051,0
3052,11
3053,2
3054,11
3055,11
3056,5
3057,8
3058,11
3059,1
3060,8
3061,7
3062,11
3063,11
3064,11
3065,11
3066,11
3067,7
3068,4
3069,11
3070,0
3071,11
3072,11
3073,11
3074,11
3075,11
3076,11
3077,11
3078,11
3079,11
3080,11
3081,11
3082,11
3083,11
3084,11
3085,11
3086,2
3087,5
3088,8
3089,11
3090,11
3091,6
3092,11
3093,11
3094,11
3095,11
3096,11
3097,3
3098,11
3099,11
3100,2
3101,11
3102,8
3103,11
3104,11
3105,6
3106,9
3107,1
3108,11
3109,7
3110,3
3111,11
3112,11
3113,8
3114,9
3115,11
3116,11
3117,11
3118,8
3119,11
3120,11
3121,11
3122,11
3123,11
3124,4
3125,3
3126,5
3127,11
3128,2
3129,9
3130,11
3131,11
3132,11
3133,5
3134,0
3135,11
3136,1
3137,11
3138,11
3139,9
3140,0
3141,1
3142,11
3143,6
3144,11
3145,11
3146,11
3147,8
3148,11
3149,11
3150,7
3151,11
3152,9
3153,11
3154,2
3155,11
3156,11
3157,11
3158,1
3159,11
3160,11
3161,11
3162,9
3163,5
3164,6
3165,6
3166,0
3167,11
3168,11
3169,11
3170,11
3171,11
3172,11
3173,3
3174,11
3175,5
3176,11
3177,11
3178,2
3179,9
3180,11
3181,11
3182,11
3183,11
3184,11
3185,11
3186,11
3187,7
3188,11
3189,11
3190,0
3191,11
3192,6
3193,11
3194,11
3195,6
3196,5
3197,11
3198,11
3199,11
3200,2
3201,11
3202,0
3203,11
3204,11
3205,11
3206,9
3207,5
3208,11
3209,8
3210,0
3211,11
3212,11
3213,11
3214,11
3215,1
3216,2
3217,3
3218,11
3219,11
3220,3
3221,2
3222,11
3223,11
3224,11
3225,11
3226,11
3227,11
3228,11
3229,11
3230,11
3231,11
3232,11
3233,2
3234,11
3235,11
3236,0
3237,11
3238,11
3239,11
3240,11
3241,4
3242,11
3243,11
3244,11
3245,11
3246,11
3247,11
3248,11
3249,8
3250,11
3251,9
3252,2
3253,11
3254,11
3255,11
3256,3
3257,11
3258,6
3259,11
3260,11
3261,11
3262,0
3263,11
3264,2
3265,11
3266,11
3267,10
3268,11
3269,3
3270,7
3271,11
3272,11
3273,11
3274,9
3275,11
3276,11
3277,8
3278,6
3279,11
3280,11
3281,1
3282,0
3283,11
3284,11
3285,6
3286,11
3287,11
3288,11
3289,11
3290,1
3291,11
3292,0
3293,6
3294,11
3295,1
3296,11
3297,11
3298,11
3299,11
3300,11
3301,7
3302,11
3303,7
3304,0
3305,11
3306,11
3307,3
3308,11
3309,11
3310,11
3311,11
3312,11
3313,11
3314,11
3315,11
3316,11
3317,11
3318,10
3319,11
3320,11
3321,2
3322,11
3323,2
3324,3
3325,3
3326,11
3327,3
3328,3
3329,11
3330,8
3331,11
3332,11
3333,11
3334,11
3335,1
3336,6
3337,2
3338,11
3339,8
3340,4
3341,11
3342,8
3343,0
3344,8
3345,1
3346,0
3347,11
3348,7
3349,11
3350,11
3351,7
3352,11
3353,7
3354,11
3355,11
3356,11
3357,9
3358,1
3359,11
3360,11
3361,11
3362,11
3363,4
3364,5
3365,11
3366,11
3367,11
3368,11
3369,11
3370,1
3371,11
3372,5
3373,11
3374,11
3375,11
3376,0
3377,4
3378,5
3379,11
3380,11
3381,11
3382,11
3383,9
3384,11
3385,11
3386,11
3387,11
3388,5
3389,11
3390,11
3391,11
3392,11
3393,11
3394,11
3395,11
3396,11
3397,11
3398,11
3399,11
3400,11
3401,11
3402,11
3403,9
3404,4
3405,11
3406,0
3407,11
3408,2
3409,11
3410,11
3411,11
3412,11
3413,0
3414,3
3415,11
3416,11
3417,11
3418,11
3419,10
3420,1
3421,6
3422,11
3423,11
3424,5
3425,11
3426,11
3427,11
3428,9
3429,2
3430,8
3431,4
3432,11
3433,11
3434,11
3435,2
3436,11
3437,11
3438,11
3439,11
3440,11
3441,5
3442,9
3443,11
3444,8
3445,8
3446,0
3447,0
3448,11
3449,11
3450,8
3451,2
3452,11
3453,2
3454,11
3455,5
3456,11
3457,11
3458,5
3459,2
3460,11
3461,11
3462,11
3463,4
3464,11
3465,11
3466,11
3467,7
3468,9
3469,11
3470,1
3471,5
3472,11
3473,2
3474,11
3475,11
3476,2
3477,11
3478,4
3479,11
3480,11
3481,11
3482,11
3483,11
3484,11
3485,11
3486,4
3487,11
3488,0
3489,0
3490,11
3491,1
3492,0
3493,8
3494,11
3495,11
3496,0
3497,11
3498,10
3499,0
3500,8
3501,11
3502,5
3503,11
3504,1
3505,11
3506,11
3507,11
3508,4
3509,11
3510,1
3511,11
3512,11
3513,11
3514,7
3515,6
3516,11
3517,4
3518,11
3519,11
3520,11
3521,11
3522,2
3523,11
3524,0
3525,11
3526,11
3527,3
3528,11
3529,8
3530,2
3531,11
3532,11
3533,3
3534,11
3535,11
3536,11
3537,11
3538,11
3539,11
3540,11
3541,11
3542,11
3543,11
3544,11
3545,3
3546,11
3547,11
3548,0
3549,9
3550,6
3551,7
3552,7
3553,6
3554,11
3555,7
3556,8
3557,9
3558,11
3559,2
3560,11
3561,11
3562,11
3563,4
3564,3
3565,11
3566,11
3567,11
3568,11
3569,3
3570,1
3571,11
3572,3
3573,0
3574,11
3575,4
3576,11
3577,11
3578,1
3579,11
3580,11
3581,2
3582,11
3583,11
3584,8
3585,11
3586,11
3587,1
3588,11
3589,11
3590,11
3591,9
3592,1
3593,11
3594,6
3595,11
3596,0
3597,11
3598,11
3599,8
3600,5
3601,11
3602,11
3603,11
3604,11
3605,7
3606,11
3607,11
3608,11
3609,11
3610,11
3611,1
3612,1
3613,11
3614,11
3615,11
3616,11
3617,10
3618,9
3619,8
3620,11
3621,9
3622,7
3623,11
3624,11
3625,1
3626,3
3627,11
3628,11
3629,11
3630,1
3631,11
3632,1
3633,11
3634,6
3635,11
3636,11
3637,11
3638,11
3639,9
3640,9
3641,11
3642,11
3643,6
3644,8
3645,11
3646,9
3647,5
3648,8
3649,11
3650,11
3651,11
3652,11
3653,11
3654,9
3655,11
3656,11
3657,5
3658,11
3659,5
3660,11
3661,11
3662,11
3663,11
3664,11
3665,11
3666,11
3667,0
3668,11
3669,11
3670,4
3671,11
3672,11
3673,11
3674,11
3675,11
3676,11
3677,11
3678,11
3679,11
3680,4
3681,11
3682,11
3683,6
3684,11
3685,11
3686,11
3687,11
3688,11
3689,11
3690,11
3691,9
3692,4
3693,11
3694,3
3695,7
3696,11
3697,11
3698,11
3699,11
3700,11
3701,2
3702,1
3703,11
3704,11
3705,11
3706,9
3707,11
3708,0
3709,11
3710,9
3711,1
3712,8
3713,11
3714,11
3715,2
3716,11
3717,11
3718,1
3719,11
3720,11
3721,11
3722,11
3723,11
3724,11
3725,11
3726,3
3727,5
3728,6
3729,11
3730,11
3731,5
3732,11
3733,11
3734,11
3735,11
3736,9
3737,11
3738,11
3739,5
3740,11
3741,11
3742,11
3743,11
3744,11
3745,1
3746,9
3747,11
3748,11
3749,11
3750,4
3751,11
3752,11
3753,11
3754,6
3755,11
3756,6
3757,0
3758,11
3759,11
3760,11
3761,11
3762,11
3763,11
3764,11
3765,11
3766,1
3767,11
3768,11
3769,11
3770,11
3771,8
3772,11
3773,11
3774,2
3775,0
3776,11
3777,11
3778,11
3779,11
3780,11
3781,11
3782,11
3783,11
3784,11
3785,7
3786,6
3787,6
3788,11
3789,11
3790,0
3791,7
3792,3
3793,11
3794,11
3795,4
3796,11
3797,4
3798,11
3799,10
3800,11
3801,11
3802,11
3803,11
3804,11
3805,8
3806,11
3807,11
3808,11
3809,3
3810,11
3811,11
3812,4
3813,0
3814,2
3815,11
3816,11
3817,11
3818,1
3819,9
3820,11
3821,7
3822,11
3823,11
3824,6
3825,3
3826,10
3827,11
3828,7
3829,8
3830,9
3831,11
3832,6
3833,11
3834,11
3835,6
3836,11
3837,6
3838,7
3839,11
3840,11
3841,11
3842,3
3843,2
3844,11
3845,3
3846,11
3847,11
3848,11
3849,11
3850,8
3851,8
3852,11
3853,11
3854,11
3855,11
3856,11
3857,11
3858,11
3859,11
3860,11
3861,11
3862,11
3863,9
3864,6
3865,8
3866,11
3867,11
3868,11
3869,11
3870,11
3871,11
3872,9
3873,11
3874,11
3875,11
3876,3
3877,0
3878,6
3879,9
3880,11
3881,11
3882,11
3883,11
3884,11
3885,11
3886,11
3887,11
3888,11
3889,9
3890,11
3891,9
3892,11
3893,8
3894,8
3895,4
3896,2
3897,11
3898,0
3899,11
3900,11
3901,11
3902,11
3903,3
3904,9
3905,11
3906,0
3907,11
3908,5
3909,11
3910,11
3911,11
3912,11
3913,11
3914,3
3915,11
3916,0
3917,0
3918,11
3919,11
3920,5
3921,11
3922,6
3923,11
3924,1
3925,11
3926,11
3927,11
3928,11
3929,11
3930,11
3931,11
3932,11
3933,3
3934,11
3935,11
3936,11
3937,7
3938,11
3939,9
3940,11
3941,11
3942,11
3943,8
3944,9
3945,11
3946,11
3947,6
3948,11
3949,9
3950,11
3951,11
3952,6
3953,11
3954,11
3955,11
3956,4
3957,11
3958,11
3959,9
3960,11
3961,11
3962,11
3963,11
3964,11
3965,11
3966,11
3967,8
3968,8
3969,0
3970,3
3971,7
3972,11
3973,11
3974,10
3975,3
3976,11
3977,11
3978,11
3979,11
3980,3
3981,11
3982,11
3983,9
3984,7
3985,11
3986,11
3987,3
3988,11
3989,5
3990,11
3991,11
3992,2
3993,11
3994,11
3995,9
3996,8
3997,6
3998,11
3999,11
4000,11
4001,11
4002,6
4003,11
4004,11
4005,6
4006,11
4007,11
4008,3
4009,11
4010,7
4011,8
4012,4
4013,11
4014,11
4015,5
4016,11
4017,11
4018,6
4019,5
4020,4
4021,11
4022,11
4023,1
4024,6
4025,11
4026,3
4027,11
4028,11
4029,11
4030,0
4031,11
4032,11
4033,11
4034,11
4035,1
4036,11
4037,11
4038,4
4039,4
4040,11
4041,11
4042,7
4043,3
4044,1
4045,11
4046,11
4047,11
4048,11
4049,8
4050,9
4051,11
4052,11
4053,11
4054,4
4055,2
4056,5
4057,11
4058,11
4059,11
4060,5
4061,11
4062,11
4063,11
4064,9
4065,11
4066,11
4067,11
4068,11
4069,11
4070,11
4071,5
4072,11
4073,2
4074,11
4075,11
4076,11
4077,2
4078,11
4079,6
4080,9
4081,2
4082,11
4083,11
4084,11
4085,11
4086,11
4087,0
4088,11
4089,11
4090,10
4091,3
4092,11
4093,11
4094,11
4095,11
4096,11
4097,11
4098,5
4099,11
4100,11
4101,11
4102,11
4103,11
4104,11
4105,3
4106,11
4107,11
4108,1
4109,11
4110,11
4111,1
4112,3
4113,8
4114,3
4115,8
4116,11
4117,11
4118,10
4119,4
4120,11
4121,11
4122,4
4123,11
4124,11
4125,6
4126,11
4127,11
4128,4
4129,6
4130,11
4131,11
4132,11
4133,11
4134,3
4135,0
4136,9
4137,6
4138,4
4139,11
4140,10
4141,11
4142,11
4143,11
4144,11
4145,11
4146,11
4147,11
4148,11
4149,11
4150,4
4151,11
4152,11
4153,7
4154,8
4155,1
4156,9
4157,11
4158,11
4159,11
4160,11
4161,11
4162,11
4163,2
4164,11
4165,1
4166,11
4167,11
4168,9
4169,7
4170,11
4171,11
4172,11
4173,11
4174,11
4175,11
4176,7
4177,11
4178,7
4179,2
4180,11
4181,9
4182,9
4183,3
4184,11
4185,11
4186,11
4187,7
4188,11
4189,11
4190,11
4191,10
4192,11
4193,1
4194,11
4195,11
4196,6
4197,11
4198,11
4199,5
4200,11
4201,11
4202,11
4203,4
4204,7
4205,4
4206,11
4207,4
4208,11
4209,11
4210,11
4211,3
4212,11
4213,8
4214,3
4215,3
4216,7
4217,11
4218,9
4219,11
4220,11
4221,2
4222,9
4223,7
4224,3
4225,11
4226,11
4227,8
4228,11
4229,11
4230,11
4231,11
4232,11
4233,7
4234,3
4235,11
4236,11
4237,4
4238,11
4239,11
4240,11
4241,11
4242,8
4243,11
4244,11
4245,11
4246,0
4247,11
4248,11
4249,11
4250,2
4251,3
4252,11
4253,11
4254,11
4255,11
4256,11
4257,11
4258,11
4259,11
4260,0
4261,11
4262,11
4263,1
4264,11
4265,9
4266,11
4267,1
4268,11
4269,7
4270,11
4271,11
4272,2
4273,11
4274,6
4275,11
4276,11
4277,7
4278,6
4279,0
4280,0
4281,11
4282,11
4283,11
4284,11
4285,6
4286,11
4287,11
4288,11
4289,11
4290,11
4291,11
4292,6
4293,11
4294,7
4295,4
4296,11
4297,6
4298,11
4299,8
4300,8
4301,8
4302,11
4303,11
4304,0
4305,11
4306,6
4307,11
4308,9
4309,1
4310,1
4311,11
4312,11
4313,11
4314,11
4315,11
4316,11
4317,11
4318,11
4319,11
4320,11
4321,6
4322,1
4323,11
4324,11
4325,7
4326,11
4327,11
4328,11
4329,11
4330,4
4331,11
4332,11
4333,3
4334,0
4335,11
4336,11
4337,11
4338,8
4339,11
4340,11
4341,11
4342,11
4343,7
4344,4
4345,5
4346,11
4347,11
4348,11
4349,11
4350,11
4351,11
4352,4
4353,9
4354,8
4355,11
4356,11
4357,11
4358,5
4359,11
4360,11
4361,1
4362,11
4363,7
4364,11
4365,11
4366,3
4367,8
4368,11
4369,11
4370,11
4371,11
4372,8
4373,11
4374,11
4375,3
4376,11
4377,11
4378,11
4379,11
4380,4
4381,11
4382,11
4383,11
4384,2
4385,3
4386,11
4387,7
4388,11
4389,11
4390,11
4391,11
4392,11
4393,11
4394,8
4395,11
4396,11
4397,4
4398,11
4399,6
4400,11
4401,11
4402,4
4403,4
4404,11
4405,6
4406,11
4407,0
4408,1
4409,11
4410,11
4411,4
4412,11
4413,11
4414,5
4415,11
4416,11
4417,11
4418,2
4419,5
4420,7
4421,2
4422,11
4423,11
4424,4
4425,11
4426,11
4427,11
4428,11
4429,9
4430,11
4431,11
4432,6
4433,0
4434,11
4435,4
4436,11
4437,11
4438,6
4439,11
4440,11
4441,11
4442,11
4443,1
4444,11
4445,1
4446,11
4447,11
4448,11
4449,7
4450,11
4451,11
4452,11
4453,7
4454,9
4455,3
4456,11
4457,8
4458,11
4459,9
4460,11
4461,11
4462,11
4463,11
4464,11
4465,8
4466,11
4467,11
4468,4
4469,11
4470,11
4471,11
4472,11
4473,11
4474,11
4475,7
4476,11
4477,11
4478,11
4479,11
4480,7
4481,1
4482,11
4483,11
4484,9
4485,11
4486,11
4487,11
4488,9
4489,5
4490,3
4491,8
4492,11
4493,11
4494,6
4495,11
4496,11
4497,11
4498,11
4499,11
4500,11
4501,11
4502,11
4503,6
4504,7
4505,5
4506,11
4507,3
4508,3
4509,11
4510,11
4511,3
4512,5
4513,11
4514,11
4515,3
4516,11
4517,11
4518,3
4519,11
4520,11
4521,11
4522,11
4523,11
4524,11
4525,11
4526,0
4527,5
4528,11
4529,9
4530,11
4531,9
4532,11
4533,6
4534,11
4535,11
4536,11
4537,11
4538,11
4539,3
4540,5
4541,11
4542,1
4543,11
4544,11
4545,11
4546,9
4547,11
4548,3
4549,11
4550,11
4551,6
4552,11
4553,11
4554,8
4555,11
4556,11
4557,11
4558,3
4559,11
4560,3
4561,0
4562,11
4563,3
4564,11
4565,11
4566,11
4567,11
4568,5
4569,7
4570,11
4571,2
4572,4
4573,0
4574,11
4575,8
4576,11
4577,2
4578,11
4579,11
4580,9
4581,9
4582,11
4583,11
4584,7
4585,11
4586,11
4587,11
4588,3
4589,11
4590,8
4591,3
4592,0
4593,11
4594,11
4595,11
4596,11
4597,0
4598,11
4599,11
4600,11
4601,11
4602,11
4603,5
4604,11
4605,7
4606,11
4607,11
4608,11
4609,11
4610,11
4611,11
4612,11
4613,11
4614,11
4615,4
4616,1
4617,9
4618,2
4619,11
4620,11
4621,7
4622,11
4623,0
4624,6
4625,11
4626,7
4627,11
4628,11
4629,11
4630,11
4631,4
4632,7
4633,9
4634,11
4635,1
4636,11
4637,7
4638,1
4639,5
4640,11
4641,8
4642,8
4643,9
4644,11
4645,11
4646,3
4647,6
4648,11
4649,5
4650,3
4651,11
4652,1
4653,11
4654,11
4655,2
4656,11
4657,11
4658,11
4659,11
4660,1
4661,11
4662,11
4663,11
4664,2
4665,9
4666,4
4667,4
4668,7
4669,11
4670,11
4671,11
4672,8
4673,11
4674,1
4675,11
4676,6
4677,11
4678,7
4679,11
4680,11
4681,11
4682,9
4683,11
4684,11
4685,11
4686,11
4687,2
4688,11
4689,11
4690,11
4691,3
4692,3
4693,11
4694,9
4695,11
4696,10
4697,8
4698,11
4699,11
4700,5
4701,11
4702,11
4703,2
4704,11
4705,11
4706,11
4707,0
4708,5
4709,6
4710,1
4711,9
4712,11
4713,11
4714,11
4715,5
4716,11
4717,11
4718,11
4719,11
4720,11
4721,11
4722,11
4723,11
4724,7
4725,11
4726,1
4727,0
4728,4
4729,3
4730,4
4731,11
4732,3
4733,3
4734,11
4735,11
4736,11
4737,6
4738,4
4739,2
4740,11
4741,11
4742,2
4743,11
4744,11
4745,11
4746,11
4747,11
4748,9
4749,11
4750,3
4751,11
4752,11
4753,7
4754,8
4755,11
4756,9
4757,1
4758,11
4759,11
4760,11
4761,11
4762,11
4763,7
4764,6
4765,11
4766,6
4767,11
4768,1
4769,11
4770,11
4771,11
4772,11
4773,11
4774,11
4775,11
4776,11
4777,11
4778,7
4779,3
4780,8
4781,11
4782,11
4783,11
4784,11
4785,0
4786,1
4787,11
4788,2
4789,11
4790,11
4791,9
4792,11
4793,4
4794,2
4795,11
4796,7
4797,11
4798,11
4799,11
4800,11
4801,11
4802,6
4803,11
4804,1
4805,6
4806,11
4807,11
4808,4
4809,8
4810,11
4811,11
4812,11
4813,11
4814,5
4815,11
4816,11
4817,8
4818,11
4819,11
4820,11
4821,11
4822,11
4823,11
4824,11
4825,9
4826,4
4827,11
4828,6
4829,6
4830,11
4831,11
4832,11
4833,6
4834,2
4835,11
4836,11
4837,0
4838,11
4839,0
4840,11
4841,8
4842,11
4843,4
4844,11
4845,3
4846,11
4847,1
4848,11
4849,9
4850,5
4851,11
4852,11
4853,11
4854,11
4855,11
4856,11
4857,4
4858,8
4859,11
4860,11
4861,6
4862,10
4863,11
4864,11
4865,11
4866,11
4867,11
4868,1
4869,3
4870,11
4871,11
4872,5
4873,2
4874,1
4875,11
4876,4
4877,11
4878,11
4879,10
4880,11
4881,9
4882,11
4883,11
4884,0
4885,11
4886,7
4887,9
4888,4
4889,9
4890,9
4891,11
4892,5
4893,11
4894,7
4895,1
4896,11
4897,11
4898,11
4899,11
4900,7
4901,9
4902,7
4903,11
4904,11
4905,11
4906,9
4907,11
4908,4
4909,11
4910,4
4911,11
4912,11
4913,8
4914,1
4915,11
4916,11
4917,11
4918,11
4919,11
4920,9
4921,11
4922,2
4923,2
4924,11
4925,11
4926,11
4927,11
4928,11
4929,11
4930,11
4931,11
4932,4
4933,6
4934,11
4935,11
4936,9
4937,11
4938,5
4939,3
4940,10
4941,11
4942,11
4943,11
4944,4
4945,9
4946,6
4947,3
4948,11
4949,11
4950,11
4951,2
4952,11
4953,11
4954,5
4955,11
4956,11
4957,11
4958,1
4959,6
4960,11
4961,11
4962,7
4963,11
4964,0
4965,11
4966,11
4967,11
4968,11
4969,11
4970,8
4971,8
4972,8
4973,11
4974,11
4975,11
4976,11
4977,5
4978,5
4979,11
4980,11
4981,1
4982,11
4983,1
4984,8
4985,11
4986,11
4987,11
4988,11
4989,11
4990,2
4991,10
4992,11
4993,11
4994,11
4995,11
4996,0
4997,5
4998,5
4999,9
5000,11
5001,11
5002,0
5003,11
5004,11
5005,11
5006,11
5007,9
5008,11
5009,11
5010,11
5011,11
5012,11
5013,1
5014,6
5015,11
5016,0
5017,2
5018,0
5019,11
5020,11
5021,11
5022,11
5023,11
5024,6
5025,11
5026,11
5027,3
5028,3
5029,3
5030,7
5031,11
5032,1
5033,11
5034,10
5035,0
5036,11
5037,11
5038,11
5039,5
5040,2
5041,11
5042,11
5043,11
5044,11
5045,8
5046,7
5047,11
5048,11
5049,5
5050,11
5051,11
5052,9
5053,5
5054,11
5055,6
5056,1
5057,11
5058,0
5059,11
5060,4
5061,11
5062,11
5063,0
5064,11
5065,11
5066,11
5067,11
5068,11
5069,11
5070,0
5071,5
5072,11
5073,11
5074,11
5075,11
5076,3
5077,6
5078,11
5079,11
5080,11
5081,4
5082,11
5083,11
5084,11
5085,2
5086,11
5087,11
5088,9
5089,11
5090,11
5091,11
5092,11
5093,11
5094,11
5095,7
5096,11
5097,11
5098,11
5099,11
5100,9
5101,11
5102,3
5103,11
5104,11
5105,9
5106,11
5107,10
5108,11
5109,11
5110,11
5111,11
5112,11
5113,11
5114,2
5115,11
5116,0
5117,11
5118,1
5119,11
5120,9
5121,11
5122,5
5123,11
5124,7
5125,8
5126,11
5127,11
5128,1
5129,10
5130,8
5131,9
5132,6
5133,9
5134,6
5135,5
5136,11
5137,11
5138,11
5139,11
5140,2
5141,10
5142,11
5143,11
5144,11
5145,11
5146,4
5147,2
5148,11
5149,11
5150,11
5151,6
5152,7
5153,11
5154,11
5155,5
5156,11
5157,11
5158,11
5159,11
5160,7
5161,9
5162,11
5163,11
5164,11
5165,6
5166,4
5167,11
5168,11
5169,11
5170,9
5171,0
5172,11
5173,11
5174,11
5175,11
5176,11
5177,3
5178,11
5179,11
5180,3
5181,2
5182,11
5183,11
5184,11
5185,11
5186,1
5187,4
5188,11
5189,7
5190,1
5191,11
5192,6
5193,10
5194,11
5195,11
5196,11
5197,11
5198,9
5199,1
5200,3
5201,10
5202,3
5203,11
5204,8
5205,8
5206,11
5207,11
5208,1
5209,11
5210,4
5211,11
5212,3
5213,11
5214,11
5215,1
5216,11
5217,11
5218,11
5219,11
5220,2
5221,1
5222,1
5223,0
5224,2
5225,11
5226,11
5227,3
5228,11
5229,11
5230,11
5231,11
5232,3
5233,0
5234,11
5235,2
5236,2
5237,11
5238,11
5239,11
5240,11
5241,11
5242,2
5243,11
5244,11
5245,8
5246,11
5247,9
5248,2
5249,11
5250,11
5251,11
5252,11
5253,7
5254,11
5255,0
5256,11
5257,11
5258,11
5259,11
5260,0
5261,11
5262,11
5263,1
5264,11
5265,11
5266,11
5267,11
5268,11
5269,0
5270,11
5271,8
5272,11
5273,11
5274,4
5275,11
5276,4
5277,11
5278,11
5279,11
5280,11
5281,3
5282,8
5283,11
5284,1
5285,2
5286,0
5287,11
5288,11
5289,11
5290,11
5291,2
5292,11
5293,11
5294,2
5295,11
5296,11
5297,7
5298,11
5299,11
5300,9
5301,0
5302,11
5303,11
5304,7
5305,11
5306,7
5307,11
5308,11
5309,11
5310,11
5311,11
5312,11
5313,11
5314,7
5315,7
5316,11
5317,6
5318,11
5319,11
5320,6
5321,11
5322,5
5323,11
5324,11
5325,11
5326,11
5327,11
5328,11
5329,11
5330,6
5331,6
5332,11
5333,11
5334,11
5335,11
5336,5
5337,11
5338,11
5339,11
5340,11
5341,3
5342,11
5343,8
5344,11
5345,11
5346,9
5347,11
5348,2
5349,11
5350,11
5351,0
5352,5
5353,9
5354,11
5355,5
5356,7
5357,11
5358,11
5359,11
5360,11
5361,11
5362,3
5363,11
5364,0
5365,11
5366,11
5367,11
5368,0
5369,3
5370,11
5371,11
5372,11
5373,11
5374,11
5375,5
5376,11
5377,3
5378,11
5379,5
5380,8
5381,11
5382,11
5383,5
5384,11
5385,11
5386,11
5387,11
5388,11
5389,11
5390,11
5391,11
5392,1
5393,3
5394,11
5395,11
5396,11
5397,11
5398,6
5399,11
5400,11
5401,1
5402,11
5403,11
5404,11
5405,11
5406,11
5407,11
5408,3
5409,11
5410,2
5411,11
5412,11
5413,10
5414,11
5415,11
5416,4
5417,11
5418,11
5419,11
5420,11
5421,11
5422,11
5423,11
5424,11
5425,11
5426,11
5427,3
5428,11
5429,11
5430,11
5431,11
5432,0
5433,5
5434,11
5435,9
5436,9
5437,11
5438,11
5439,11
5440,11
5441,8
5442,11
5443,2
5444,11
5445,8
5446,11
5447,11
5448,11
5449,11
5450,11
5451,11
5452,11
5453,11
5454,6
5455,6
5456,11
5457,11
5458,11
5459,6
5460,3
5461,11
5462,8
5463,11
5464,8
5465,11
5466,7
5467,1
5468,11
5469,1
5470,4
5471,11
5472,11
5473,10
5474,4
5475,11
5476,11
5477,5
5478,11
5479,11
5480,11
5481,11
5482,11
5483,6
5484,9
5485,11
5486,5
5487,11
5488,11
5489,11
5490,11
5491,1
5492,11
5493,0
5494,11
5495,11
5496,0
5497,11
5498,0
5499,11
5500,8
5501,2
5502,11
5503,11
5504,11
5505,4
5506,11
5507,11
5508,11
5509,11
5510,11
5511,11
5512,11
5513,11
5514,11
5515,9
5516,11
5517,11
5518,11
5519,10
5520,6
5521,11
5522,11
5523,4
5524,11
5525,11
5526,1
5527,11
5528,11
5529,11
5530,11
5531,11
5532,11
5533,11
5534,11
5535,9
5536,11
5537,2
5538,11
5539,3
5540,11
5541,11
5542,5
5543,9
5544,5
5545,11
5546,2
5547,11
5548,11
5549,3
5550,11
5551,3
5552,11
5553,11
5554,11
5555,11
5556,6
5557,11
5558,11
5559,11
5560,2
5561,11
5562,11
5563,0
5564,7
5565,3
5566,9
5567,8
5568,11
5569,11
5570,11
5571,5
5572,11
5573,3
5574,11
5575,11
5576,5
5577,11
5578,5
5579,11
5580,11
5581,11
5582,7
5583,5
5584,11
5585,9
5586,11
5587,11
5588,1
5589,11
5590,1
5591,6
5592,11
5593,5
5594,11
5595,7
5596,11
5597,11
5598,0
5599,11
5600,11
5601,11
5602,11
5603,6
5604,1
5605,11
5606,11
5607,3
5608,11
5609,6
5610,9
5611,11
5612,11
5613,11
5614,11
5615,11
5616,4
5617,11
5618,11
5619,11
5620,4
5621,2
5622,11
5623,6
5624,11
5625,11
5626,11
5627,11
5628,3
5629,11
5630,11
5631,2
5632,11
5633,11
5634,11
5635,11
5636,11
5637,11
5638,11
5639,11
5640,11
5641,2
5642,11
5643,4
5644,11
5645,11
5646,11
5647,3
5648,11
5649,8
5650,11
5651,0
5652,11
5653,11
5654,11
5655,3
5656,4
5657,11
5658,11
5659,0
5660,11
5661,8
5662,6
5663,11
5664,11
5665,11
5666,11
5667,4
5668,0
5669,9
5670,4
5671,1
5672,9
5673,11
5674,2
5675,11
5676,3
5677,5
5678,11
5679,11
5680,5
5681,6
5682,1
5683,11
5684,8
5685,0
5686,11
5687,11
5688,11
5689,10
5690,11
5691,4
5692,11
5693,8
5694,11
5695,11
5696,7
5697,11
5698,11
5699,11
5700,11
5701,11
5702,11
5703,11
5704,6
5705,11
5706,5
5707,0
5708,9
5709,10
5710,9
5711,11
5712,11
5713,7
5714,11
5715,11
5716,9
5717,11
5718,1
5719,11
5720,11
5721,5
5722,11
5723,11
5724,3
5725,1
5726,4
5727,11
5728,11
5729,1
5730,11
5731,11
5732,0
5733,11
5734,3
5735,11
5736,11
5737,0
5738,11
5739,0
5740,11
5741,11
5742,11
5743,11
5744,3
5745,11
5746,0
5747,11
5748,11
5749,11
5750,11
5751,11
5752,11
5753,11
5754,11
5755,11
5756,6
5757,11
5758,11
5759,11
5760,9
5761,5
5762,9
5763,10
5764,11
5765,5
5766,11
5767,4
5768,2
5769,6
5770,11
5771,0
5772,11
5773,4
5774,11
5775,8
5776,11
5777,11
5778,11
5779,11
5780,8
5781,11
5782,11
5783,11
5784,7
5785,11
5786,11
5787,11
5788,11
5789,8
5790,11
5791,11
5792,11
5793,11
5794,11
5795,7
5796,10
5797,9
5798,7
5799,7
5800,11
5801,11
5802,11
5803,11
5804,11
5805,11
5806,9
5807,11
5808,9
5809,11
5810,7
5811,9
5812,7
5813,11
5814,11
5815,11
5816,4
5817,0
5818,11
5819,11
5820,11
5821,11
5822,3
5823,8
5824,11
5825,11
5826,11
5827,4
5828,11
5829,11
5830,11
5831,4
5832,11
5833,11
5834,11
5835,11
5836,3
5837,11
5838,11
5839,11
5840,8
5841,11
5842,3
5843,11
5844,8
5845,9
5846,11
5847,11
5848,11
5849,7
5850,11
5851,11
5852,9
5853,11
5854,11
5855,11
5856,11
5857,3
5858,6
5859,8
5860,3
5861,10
5862,11
5863,11
5864,11
5865,9
5866,9
5867,11
5868,11
5869,11
5870,11
5871,11
5872,5
5873,11
5874,11
5875,11
5876,7
5877,9
5878,11
5879,11
5880,11
5881,11
5882,11
5883,6
5884,11
5885,6
5886,3
5887,11
5888,11
5889,9
5890,11
5891,11
5892,11
5893,11
5894,3
5895,11
5896,11
5897,9
5898,0
5899,7
5900,5
5901,11
5902,11
5903,4
5904,6
5905,11
5906,8
5907,6
5908,11
5909,3
5910,11
5911,11
5912,11
5913,11
5914,8
5915,11
5916,1
5917,11
5918,11
5919,11
5920,1
5921,11
5922,7
5923,11
5924,1
5925,11
5926,9
5927,9
5928,11
5929,11
5930,11
5931,11
5932,11
5933,11
5934,11
5935,11
5936,11
5937,11
5938,11
5939,11
5940,11
5941,2
5942,1
5943,0
5944,11
5945,11
5946,4
5947,11
5948,11
5949,1
5950,11
5951,7
5952,8
5953,11
5954,11
5955,5
5956,11
5957,0
5958,11
5959,7
5960,11
5961,4
5962,11
5963,11
5964,4
5965,11
5966,8
5967,7
5968,11
5969,11
5970,5
5971,11
5972,0
5973,11
5974,11
5975,11
5976,11
5977,11
5978,11
5979,11
5980,2
5981,11
5982,11
5983,1
5984,11
5985,9
5986,11
5987,7
5988,2
5989,11
5990,5
5991,3
5992,0
5993,5
5994,11
5995,9
5996,8
5997,3
5998,1
5999,7
6000,4
6001,11
6002,11
6003,2
6004,11
6005,11
6006,11
6007,11
6008,3
6009,11
6010,11
6011,11
6012,11
6013,11
6014,2
6015,11
6016,11
6017,11
6018,8
6019,11
6020,11
6021,11
6022,11
6023,1
6024,11
6025,11
6026,1
6027,11
6028,11
6029,5
6030,9
6031,2
6032,11
6033,11
6034,11
6035,11
6036,11
6037,11
6038,11
6039,11
6040,5
6041,7
6042,10
6043,11
6044,11
6045,11
6046,11
6047,0
6048,11
6049,8
6050,7
6051,11
6052,4
6053,11
6054,11
6055,11
6056,11
6057,11
6058,1
6059,11
6060,11
6061,11
6062,3
6063,11
6064,11
6065,11
6066,11
6067,11
6068,11
6069,11
6070,11
6071,5
6072,11
6073,11
6074,8
6075,6
6076,11
6077,11
6078,11
6079,2
6080,2
6081,2
6082,4
6083,11
6084,11
6085,11
6086,11
6087,2
6088,11
6089,11
6090,11
6091,4
6092,11
6093,11
6094,3
6095,11
6096,8
6097,11
6098,11
6099,11
6100,4
6101,11
6102,11
6103,11
6104,11
6105,8
6106,11
6107,9
6108,11
6109,5
6110,11
6111,1
6112,11
6113,11
6114,11
6115,11
6116,11
6117,11
6118,11
6119,11
6120,7
6121,11
6122,11
6123,11
6124,3
6125,11
6126,11
6127,11
6128,11
6129,9
6130,11
6131,11
6132,8
6133,11
6134,11
6135,1
6136,11
6137,0
6138,11
6139,11
6140,11
6141,11
6142,11
6143,11
6144,11
6145,11
6146,11
6147,9
6148,11
6149,11
6150,11
6151,5
6152,1
6153,11
6154,11
6155,9
6156,10
6157,11
6158,1
6159,11
6160,11
6161,11
6162,4
6163,8
6164,11
6165,11
6166,11
6167,9
6168,11
6169,11
6170,0
6171,11
6172,10
6173,11
6174,11
6175,0
6176,1
6177,0
6178,11
6179,11
6180,9
6181,10
6182,8
6183,7
6184,11
6185,11
6186,11
6187,11
6188,11
6189,5
6190,11
6191,11
6192,11
6193,11
6194,2
6195,7
6196,11
6197,11
6198,11
6199,11
6200,11
6201,7
6202,9
6203,11
6204,11
6205,11
6206,11
6207,11
6208,6
6209,11
6210,11
6211,11
6212,1
6213,9
6214,11
6215,3
6216,4
6217,11
6218,11
6219,11
6220,11
6221,11
6222,11
6223,11
6224,11
6225,3
6226,11
6227,11
6228,11
6229,11
6230,11
6231,11
6232,11
6233,11
6234,3
6235,10
6236,11
6237,2
6238,10
6239,11
6240,11
6241,11
6242,11
6243,11
6244,11
6245,9
6246,11
6247,9
6248,11
6249,1
6250,1
6251,9
6252,11
6253,0
6254,11
6255,11
6256,11
6257,5
6258,3
6259,9
6260,7
6261,11
6262,11
6263,11
6264,1
6265,7
6266,3
6267,6
6268,6
6269,11
6270,11
6271,1
6272,11
6273,11
6274,11
6275,11
6276,11
6277,11
6278,11
6279,0
6280,11
6281,11
6282,11
6283,11
6284,11
6285,5
6286,11
6287,11
6288,7
6289,11
6290,11
6291,11
6292,11
6293,11
6294,11
6295,11
6296,11
6297,11
6298,1
6299,8
6300,11
6301,11
6302,6
6303,11
6304,11
6305,11
6306,11
6307,9
6308,7
6309,7
6310,11
6311,5
6312,1
6313,5
6314,4
6315,11
6316,10
6317,1
6318,11
6319,11
6320,0
6321,11
6322,11
6323,11
6324,11
6325,11
6326,11
6327,11
6328,2
6329,8
6330,11
6331,11
6332,11
6333,11
6334,7
6335,5
6336,9
6337,9
6338,5
6339,2
6340,2
6341,11
6342,0
6343,11
6344,11
6345,9
6346,2
6347,0
6348,11
6349,1
6350,6
6351,11
6352,7
6353,11
6354,7
6355,11
6356,1
6357,2
6358,11
6359,2
6360,11
6361,11
6362,4
6363,4
6364,11
6365,4
6366,11
6367,11
6368,11
6369,11
6370,8
6371,11
6372,11
6373,9
6374,4
6375,4
6376,4
6377,11
6378,11
6379,3
6380,7
6381,6
6382,11
6383,11
6384,11
6385,5
6386,2
6387,1
6388,11
6389,7
6390,11
6391,2
6392,1
6393,2
6394,11
6395,5
6396,4
6397,11
6398,11
6399,8
6400,11
6401,11
6402,0
6403,11
6404,3
6405,6
6406,11
6407,1
6408,11
6409,11
6410,11
6411,11
6412,11
6413,11
6414,3
6415,11
6416,11
6417,11
6418,11
6419,11
6420,11
6421,2
6422,10
6423,10
6424,4
6425,11
6426,11
6427,7
6428,11
6429,4
6430,11
6431,3
6432,3
6433,11
6434,8
6435,11
6436,11
6437,9
6438,11
6439,11
6440,11
6441,11
6442,0
6443,1
6444,11
6445,10
6446,11
6447,5
6448,11
6449,11
6450,11
6451,11
6452,6
6453,10
6454,11
6455,3
6456,0
6457,11
6458,11
6459,11
6460,11
6461,11
6462,11
6463,4
6464,11
6465,11
6466,4
6467,11
6468,2
6469,7
6470,11
6471,6
6472,11
6473,11
6474,11
6475,11
6476,11
6477,11
6478,1
6479,8
6480,8
6481,11
6482,11
6483,11
6484,11
6485,6
6486,7
6487,11
6488,6
6489,11
6490,9
6491,11
6492,11
6493,11
6494,8
6495,0
6496,8
6497,11
6498,2
6499,11
6500,11
6501,0
6502,5
6503,11
6504,11
6505,11
6506,11
6507,11
6508,11
6509,11
6510,11
6511,11
6512,11
6513,7
6514,3
6515,11
6516,11
6517,11
6518,11
6519,11
6520,4
6521,0
6522,11
6523,3
6524,9
6525,10
6526,0
6527,11
6528,11
6529,11
6530,6
6531,1
6532,11
6533,7
6534,11
6535,11
6536,11
6537,6
6538,11
6539,11
6540,7
6541,11
6542,11
6543,11
6544,3
6545,11
6546,7
6547,11
6548,11
6549,6
6550,11
6551,11
6552,11
6553,11
6554,11
6555,11
6556,5
6557,5
6558,11
6559,11
6560,11
6561,11
6562,11
6563,1
6564,11
6565,7
6566,4
6567,9
6568,11
6569,5
6570,5
6571,11
6572,11
6573,11
6574,11
6575,0
6576,11
6577,3
6578,11
6579,11
6580,4
6581,11
6582,1
6583,0
6584,3
6585,5
6586,11
6587,3
6588,11
6589,9
6590,8
6591,11
6592,11
6593,0
6594,11
6595,11
6596,3
6597,11
6598,11
6599,11
6600,11
6601,11
6602,2
6603,11
6604,11
6605,11
6606,1
6607,4
6608,11
6609,0
6610,11
6611,11
6612,9
6613,11
6614,5
6615,6
6616,11
6617,2
6618,8
6619,11
6620,11
6621,11
6622,7
6623,11
6624,7
6625,3
6626,11
6627,5
6628,11
6629,11
6630,11
6631,4
6632,11
6633,11
6634,11
6635,2
6636,8
6637,11
6638,11
6639,11
6640,6
6641,11
6642,11
6643,11
6644,11
6645,11
6646,11
6647,11
6648,6
6649,11
6650,7
6651,4
6652,6
6653,11
6654,8
6655,11
6656,11
6657,11
6658,11
6659,11
6660,10
6661,1
6662,11
6663,11
6664,9
6665,11
6666,11
6667,11
6668,8
6669,11
6670,10
6671,11
6672,11
6673,9
6674,11
6675,3
6676,11
6677,4
6678,11
6679,0
6680,11
6681,11
6682,11
6683,0
6684,11
6685,4
6686,11
6687,8
6688,11
6689,11
6690,1
6691,11
6692,0
6693,2
6694,11
6695,10
6696,11
6697,11
6698,10
6699,9
6700,2
6701,4
6702,11
6703,11
6704,11
6705,11
6706,11
6707,11
6708,2
6709,2
6710,1
6711,2
6712,11
6713,11
6714,11
6715,5
6716,11
6717,11
6718,11
6719,11
6720,9
6721,11
6722,5
6723,11
6724,6
6725,0
6726,2
6727,11
6728,11
6729,11
6730,10
6731,11
6732,11
6733,11
6734,11
6735,3
6736,11
6737,11
6738,2
6739,11
6740,11
6741,11
6742,11
6743,3
6744,11
6745,11
6746,5
6747,11
6748,11
6749,11
6750,11
6751,3
6752,4
6753,11
6754,11
6755,8
6756,11
6757,11
6758,11
6759,11
6760,11
6761,0
6762,3
6763,5
6764,11
6765,11
6766,3
6767,1
6768,3
6769,0
6770,11
6771,11
6772,11
6773,11
6774,11
6775,0
6776,11
6777,11
6778,11
6779,5
6780,11
6781,9
6782,11
6783,3
6784,8
6785,0
6786,11
6787,11
6788,1
6789,11
6790,11
6791,11
6792,11
6793,11
6794,11
6795,11
6796,5
6797,11
6798,11
6799,2
6800,7
6801,11
6802,11
6803,11
6804,0
6805,11
6806,11
6807,10
6808,11
6809,11
6810,11
6811,11
6812,11
6813,8
6814,11
6815,8
6816,4
6817,9
6818,11
6819,7
6820,5
6821,11
6822,3
6823,11
6824,11
6825,11
6826,8
6827,11
6828,11
6829,11
6830,1
6831,11
6832,11
6833,5
6834,11
6835,5
6836,11
6837,11
6838,11
6839,11
6840,11
6841,1
6842,11
6843,4
6844,3
6845,5
6846,11
6847,11
6848,5
6849,11
6850,11
6851,11
6852,3
6853,11
6854,0
6855,3
6856,0
6857,11
6858,11
6859,3
6860,11
6861,11
6862,11
6863,1
6864,6
6865,8
6866,0
6867,11
6868,4
6869,11
6870,11
6871,1
6872,1
6873,11
6874,11
6875,11
6876,3
6877,11
6878,11
6879,5
6880,5
6881,11
6882,11
6883,4
6884,5
6885,11
6886,3
6887,11
6888,0
6889,4
6890,11
6891,11
6892,11
6893,11
6894,5
6895,11
6896,0
6897,10
6898,11
6899,11
6900,1
6901,11
6902,2
6903,8
6904,9
6905,11
6906,4
6907,0
6908,11
6909,11
6910,7
6911,8
6912,11
6913,11
6914,4
6915,11
6916,11
6917,11
6918,11
6919,11
6920,11
6921,6
6922,0
6923,6
6924,5
6925,11
6926,1
6927,11
6928,3
6929,11
6930,11
6931,11
6932,10
6933,11
6934,5
6935,11
6936,11
6937,0
6938,3
6939,11
6940,11
6941,0
6942,8
6943,11
6944,11
6945,11
6946,11
6947,2
6948,11
6949,6
6950,11
6951,7
6952,11
6953,11
6954,7
6955,0
6956,0
6957,11
6958,1
6959,5
6960,11
6961,11
6962,7
6963,11
6964,2
6965,11
6966,6
6967,2
6968,11
6969,11
6970,11
6971,11
6972,11
6973,11
6974,11
6975,11
6976,11
6977,0
6978,11
6979,11
6980,11
6981,1
6982,11
6983,11
6984,5
6985,11
6986,11
6987,11
6988,8
6989,0
6990,0
6991,4
6992,11
6993,11
6994,7
6995,11
6996,2
6997,4
6998,6
6999,9
7000,11
7001,11
7002,9
7003,0
7004,11
7005,5
7006,8
7007,11
7008,7
7009,1
7010,11
7011,11
7012,11
7013,2
7014,11
7015,11
7016,4
7017,11
7018,11
7019,11
7020,11
7021,11
7022,1
7023,11
7024,11
7025,11
7026,11
7027,11
7028,9
7029,11
7030,8
7031,7
7032,11
7033,0
7034,7
7035,4
7036,11
7037,11
7038,7
7039,3
7040,11
7041,11
7042,11
7043,3
7044,11
7045,11
7046,2
7047,2
7048,0
7049,6
7050,11
7051,11
7052,11
7053,11
7054,11
7055,11
7056,3
7057,3
7058,7
7059,4
7060,4
7061,3
7062,4
7063,11
7064,0
7065,11
7066,11
7067,11
7068,11
7069,11
7070,11
7071,6
7072,1
7073,11
7074,7
7075,11
7076,0
7077,11
7078,11
7079,11
7080,11
7081,11
7082,9
7083,11
7084,11
7085,8
7086,11
7087,7
7088,9
7089,11
7090,11
7091,8
7092,11
7093,5
7094,11
7095,5
7096,2
7097,11
7098,11
7099,11
7100,11
7101,10
7102,11
7103,11
7104,4
7105,11
7106,3
7107,11
7108,11
7109,11
7110,8
7111,3
7112,11
7113,11
7114,11
7115,10
7116,11
7117,1
7118,11
7119,11
7120,3
7121,2
7122,11
7123,11
7124,1
7125,11
7126,5
7127,11
7128,4
7129,11
7130,1
7131,11
7132,11
7133,11
7134,9
7135,11
7136,11
7137,6
7138,3
7139,11
7140,11
7141,11
7142,8
7143,11
7144,11
7145,7
7146,11
7147,11
7148,3
7149,11
7150,11
7151,11
7152,11
7153,11
7154,11
7155,11
7156,11
7157,11
7158,11
7159,11
7160,11
7161,11
7162,11
7163,9
7164,11
7165,6
7166,11
7167,4
7168,11
7169,11
7170,11
7171,11
7172,9
7173,11
7174,9
7175,5
7176,11
7177,11
7178,11
7179,2
7180,11
7181,11
7182,11
7183,11
7184,11
7185,11
7186,1
7187,9
7188,11
7189,11
7190,11
7191,9
7192,11
7193,11
7194,11
7195,11
7196,11
7197,0
7198,9
7199,11
7200,7
7201,4
7202,7
7203,11
7204,11
7205,1
7206,6
7207,11
7208,11
7209,11
7210,0
7211,11
7212,11
7213,8
7214,5
7215,10
7216,11
7217,9
7218,11
7219,11
7220,3
7221,11
7222,11
7223,0
7224,5
7225,1
7226,3
7227,11
7228,11
7229,11
7230,2
7231,9
7232,0
7233,11
7234,11
7235,7
7236,11
7237,11
7238,11
7239,11
7240,0
7241,11
7242,1
7243,11
7244,3
7245,11
7246,11
7247,11
7248,9
7249,11
7250,11
7251,11
7252,11
7253,11
7254,11
7255,11
7256,1
7257,11
7258,11
7259,11
7260,11
7261,11
7262,11
7263,11
7264,11
7265,11
7266,1
7267,11
7268,11
7269,11
7270,11
7271,1
7272,3
7273,11
7274,2
7275,11
7276,11
7277,3
7278,11
7279,11
7280,11
7281,11
7282,11
7283,11
7284,11
7285,11
7286,11
7287,11
7288,7
7289,5
7290,11
7291,11
7292,11
7293,3
7294,11
7295,8
7296,11
7297,11
7298,11
7299,11
7300,11
7301,11
7302,9
7303,11
7304,4
7305,1
7306,11
7307,11
7308,9
7309,7
7310,11
7311,11
7312,11
7313,11
7314,11
7315,11
7316,1
7317,5
7318,8
7319,1
7320,1
7321,5
7322,9
7323,4
7324,1
7325,11
7326,7
7327,11
7328,0
7329,11
7330,11
7331,6
7332,11
7333,11
7334,11
7335,5
7336,11
7337,11
7338,11
7339,11
7340,11
7341,7
7342,6
7343,0
7344,11
7345,11
7346,11
7347,2
7348,11
7349,8
7350,11
7351,11
7352,11
7353,2
7354,11
7355,11
7356,11
7357,11
7358,8
7359,8
7360,11
7361,11
7362,9
7363,5
7364,11
7365,9
7366,1
7367,11
7368,11
7369,11
7370,11
7371,8
7372,11
7373,11
7374,0
7375,4
7376,11
7377,11
7378,11
7379,11
7380,1
7381,11
7382,0
7383,3
7384,3
7385,1
7386,3
7387,0
7388,2
7389,11
7390,11
7391,11
7392,11
7393,11
7394,11
7395,11
7396,11
7397,11
7398,3
7399,2
7400,11
7401,11
7402,11
7403,11
7404,1
7405,5
7406,11
7407,2
7408,11
7409,11
7410,4
7411,5
7412,8
7413,11
7414,6
7415,9
7416,11
7417,3
7418,11
7419,5
7420,11
7421,11
7422,11
7423,11
7424,11
7425,1
7426,11
7427,11
7428,11
7429,4
7430,8
7431,4
7432,5
7433,11
7434,6
7435,11
7436,11
7437,11
7438,6
7439,11
7440,0
7441,11
7442,11
7443,11
7444,11
7445,11
7446,11
7447,11
7448,11
7449,11
7450,11
7451,11
7452,11
7453,11
7454,10
7455,9
7456,8
7457,6
7458,11
7459,11
7460,11
7461,4
7462,4
7463,11
7464,11
7465,11
7466,11
7467,11
7468,11
7469,11
7470,11
7471,5
7472,0
7473,2
7474,11
7475,11
7476,11
7477,2
7478,9
7479,1
7480,11
7481,11
7482,11
7483,11
7484,7
7485,11
7486,4
7487,5
7488,11
7489,4
7490,11
7491,6
7492,11
7493,11
7494,1
7495,11
7496,11
7497,6
7498,6
7499,11
7500,11
7501,11
7502,11
7503,7
7504,11
7505,6
7506,11
7507,11
7508,8
7509,11
7510,11
7511,11
7512,11
7513,7
7514,11
7515,11
7516,3
7517,6
7518,11
7519,5
7520,2
7521,11
7522,11
7523,11
7524,7
7525,11
7526,11
7527,11
7528,1
7529,11
7530,11
7531,11
7532,11
7533,0
7534,2
7535,11
7536,11
7537,7
7538,11
7539,11
7540,11
7541,11
7542,11
7543,11
7544,11
7545,11
7546,11
7547,11
7548,11
7549,11
7550,11
7551,4
7552,11
7553,11
7554,11
7555,6
7556,11
7557,2
7558,0
7559,5
7560,1
7561,11
7562,3
7563,2
7564,1
7565,0
7566,11
7567,11
7568,11
7569,10
7570,11
7571,11
7572,11
7573,11
7574,8
7575,11
7576,11
7577,11
7578,9
7579,9
7580,3
7581,9
7582,6
7583,4
7584,11
7585,11
7586,11
7587,6
7588,3
7589,9
7590,6
7591,11
7592,8
7593,11
7594,11
7595,11
7596,0
7597,11
7598,11
7599,8
7600,11
7601,11
7602,9
7603,11
7604,11
7605,7
7606,11
7607,3
7608,11
7609,11
7610,9
7611,11
7612,11
7613,11
7614,11
7615,2
7616,11
7617,11
7618,11
7619,11
7620,5
7621,7
7622,11
7623,11
7624,11
7625,4
7626,2
7627,0
7628,11
7629,8
7630,11
7631,11
7632,11
7633,1
7634,10
7635,6
7636,7
7637,11
7638,4
7639,7
7640,11
7641,11
7642,11
7643,11
7644,9
7645,11
7646,11
7647,5
7648,11
7649,7
7650,7
7651,11
7652,8
7653,11
7654,4
7655,11
7656,11
7657,11
7658,11
7659,6
7660,11
7661,9
7662,11
7663,8
7664,11
7665,11
7666,9
7667,11
7668,11
7669,11
7670,11
7671,11
7672,2
7673,11
7674,0
7675,4
7676,11
7677,11
7678,11
7679,11
7680,3
7681,11
7682,0
7683,0
7684,11
7685,11
7686,11
7687,11
7688,11
7689,8
7690,11
7691,11
7692,11
7693,2
7694,11
7695,1
7696,7
7697,11
7698,11
7699,11
7700,7
7701,11
7702,11
7703,11
7704,11
7705,11
7706,11
7707,11
7708,11
7709,8
7710,11
7711,4
7712,6
7713,1
7714,11
7715,11
7716,7
7717,11
7718,6
7719,11
7720,11
7721,8
7722,11
7723,11
7724,11
7725,11
7726,4
7727,11
7728,11
7729,5
7730,3
7731,11
7732,11
7733,2
7734,11
7735,11
7736,11
7737,4
7738,11
7739,1
7740,11
7741,11
7742,11
7743,11
7744,3
7745,11
7746,0
7747,11
7748,5
7749,11
7750,11
7751,8
7752,7
7753,11
7754,11
7755,11
7756,11
7757,11
7758,11
7759,11
7760,11
7761,11
7762,7
7763,11
7764,5
7765,11
7766,11
7767,11
7768,11
7769,11
7770,11
7771,11
7772,11
7773,11
7774,11
7775,11
7776,4
7777,7
7778,2
7779,11
7780,11
7781,11
7782,11
7783,11
7784,11
7785,10
7786,11
7787,11
7788,11
7789,11
7790,11
7791,11
7792,4
7793,11
7794,11
7795,11
7796,8
7797,11
7798,11
7799,11
7800,11
7801,11
7802,2
7803,11
7804,11
7805,11
7806,11
7807,11
7808,11
7809,11
7810,11
7811,11
7812,10
7813,11
7814,8
7815,11
7816,10
7817,11
7818,11
7819,11
7820,11
7821,11
7822,11
7823,1
7824,11
7825,11
7826,9
7827,0
7828,0
7829,11
7830,5
7831,3
7832,11
7833,11
7834,6
7835,11
7836,11
7837,0
7838,11
7839,10
7840,4
7841,0
7842,11
7843,10
7844,2
7845,11
7846,11
7847,11
7848,9
7849,11
7850,11
7851,11
7852,11
7853,1
7854,8
7855,11
7856,11
7857,4
7858,4
7859,11
7860,11
7861,11
7862,4
7863,6
7864,7
7865,5
7866,11
7867,7
7868,1
7869,5
7870,11
7871,11
7872,11
7873,11
7874,11
7875,11
7876,11
7877,11
7878,7
7879,0
7880,11
7881,3
7882,3
7883,11
7884,1
7885,11
7886,11
7887,11
7888,9
7889,8
7890,11
7891,9
7892,8
7893,11
7894,8
7895,3
7896,11
7897,9
7898,11
7899,11
7900,6
7901,11
7902,3
7903,11
7904,11
7905,10
7906,11
7907,11
7908,11
7909,0
7910,11
7911,11
7912,9
7913,11
7914,11
7915,11
7916,6
7917,1
7918,3
7919,11
7920,11
7921,11
7922,11
7923,3
7924,11
7925,11
7926,3
7927,11
7928,0
7929,11
7930,11
7931,11
7932,11
7933,11
7934,11
7935,0
7936,3
7937,11
7938,6
7939,11
7940,4
7941,9
7942,11
7943,8
7944,11
7945,11
7946,11
7947,11
7948,11
7949,11
7950,7
7951,8
7952,11
7953,11
7954,11
7955,11
7956,5
7957,11
7958,11
7959,11
7960,4
7961,1
7962,11
7963,4
7964,11
7965,11
7966,2
7967,11
7968,1
7969,7
7970,6
7971,11
7972,0
7973,9
7974,11
7975,8
7976,11
7977,2
7978,4
7979,11
7980,11
7981,11
7982,5
7983,0
7984,11
7985,11
7986,11
7987,3
7988,11
7989,7
7990,4
7991,11
7992,11
7993,11
7994,11
7995,11
7996,11
7997,11
7998,0
7999,11
8000,11
8001,11
8002,11
8003,1
8004,11
8005,6
8006,11
8007,11
8008,6
8009,11
8010,11
8011,11
8012,5
8013,11
8014,2
8015,11
8016,11
8017,11
8018,9
8019,11
8020,11
8021,0
8022,11
8023,8
8024,6
8025,11
8026,11
8027,11
8028,11
8029,11
8030,11
8031,9
8032,11
8033,11
8034,11
8035,11
8036,11
8037,4
8038,11
8039,8
8040,3
8041,0
8042,1
8043,8
8044,11
8045,6
8046,11
8047,11
8048,0
8049,11
8050,11
8051,11
8052,1
8053,11
8054,5
8055,4
8056,1
8057,8
8058,9
8059,11
8060,8
8061,11
8062,4
8063,3
8064,11
8065,5
8066,10
8067,11
8068,11
8069,3
8070,11
8071,11
8072,3
8073,3
8074,8
8075,11
8076,6
8077,11
8078,2
8079,11
8080,11
8081,4
8082,11
8083,11
8084,3
8085,11
8086,11
8087,1
8088,11
8089,6
8090,11
8091,11
8092,11
8093,9
8094,11
8095,3
8096,11
8097,11
8098,11
8099,11
8100,11
8101,2
8102,1
8103,11
8104,11
8105,11
8106,8
8107,11
8108,11
8109,11
8110,11
8111,11
8112,11
8113,6
8114,11
8115,2
8116,11
8117,1
8118,11
8119,11
8120,3
8121,11
8122,6
8123,2
8124,11
8125,11
8126,11
8127,11
8128,4
8129,11
8130,11
8131,9
8132,11
8133,11
8134,11
8135,11
8136,11
8137,11
8138,6
8139,11
8140,11
8141,11
8142,11
8143,11
8144,11
8145,11
8146,11
8147,11
8148,11
8149,11
8150,11
8151,11
8152,2
8153,11
8154,11
8155,11
8156,11
8157,11
8158,11
8159,11
8160,11
8161,11
8162,11
8163,11
8164,7
8165,2
8166,11
8167,11
8168,11
8169,11
8170,11
8171,11
8172,11
8173,7
8174,6
8175,11
8176,5
8177,6
8178,7
8179,0
8180,11
8181,11
8182,7
8183,4
8184,11
8185,11
8186,2
8187,11
8188,11
8189,11
8190,11
8191,11
8192,3
8193,11
8194,11
8195,11
8196,11
8197,11
8198,8
8199,11
8200,11
8201,9
8202,4
8203,6
8204,11
8205,11
8206,11
8207,10
8208,0
8209,6
8210,11
8211,0
8212,11
8213,11
8214,1
8215,11
8216,11
8217,11
8218,11
8219,11
8220,3
8221,11
8222,11
8223,2
8224,11
8225,2
8226,8
8227,3
8228,11
8229,11
8230,8
8231,11
8232,11
8233,11
8234,6
8235,11
8236,11
8237,11
8238,11
8239,11
8240,5
8241,4
8242,11
8243,11
8244,2
8245,11
8246,0
8247,11
8248,11
8249,11
8250,11
8251,11
8252,11
8253,11
8254,11
8255,11
8256,11
8257,11
8258,0
8259,11
8260,11
8261,2
8262,1
8263,9
8264,11
8265,11
8266,11
8267,11
8268,3
8269,11
8270,11
8271,11
8272,9
8273,11
8274,10
8275,11
8276,11
8277,1
8278,11
8279,11
8280,4
8281,11
8282,11
8283,5
8284,4
8285,11
8286,11
8287,11
8288,5
8289,11
8290,11
8291,11
8292,6
8293,11
8294,6
8295,11
8296,0
8297,11
8298,8
8299,11
8300,8
8301,3
8302,11
8303,11
8304,9
8305,11
8306,9
8307,7
8308,11
8309,0
8310,11
8311,11
8312,11
8313,0
8314,11
8315,6
8316,0
8317,11
8318,11
8319,11
8320,11
8321,11
8322,11
8323,11
8324,11
8325,11
8326,11
8327,11
8328,4
8329,11
8330,11
8331,11
8332,11
8333,11
8334,11
8335,11
8336,11
8337,9
8338,8
8339,1
8340,11
8341,11
8342,11
8343,10
8344,3
8345,11
8346,11
8347,11
8348,11
8349,11
8350,2
8351,11
8352,11
8353,11
8354,4
8355,5
8356,11
8357,1
8358,8
8359,11
8360,4
8361,11
8362,11
8363,11
8364,11
8365,4
8366,11
8367,11
8368,1
8369,11
8370,11
8371,11
8372,2
8373,11
8374,11
8375,9
8376,3
8377,11
8378,3
8379,0
8380,11
8381,11
8382,11
8383,11
8384,11
8385,2
8386,11
8387,11
8388,11
8389,11
8390,11
8391,11
8392,11
8393,8
8394,11
8395,1
8396,2
8397,11
8398,11
8399,3
8400,11
8401,5
8402,1
8403,11
8404,11
8405,11
8406,0
8407,10
8408,11
8409,11
8410,7
8411,11
8412,11
8413,11
8414,5
8415,11
8416,11
8417,11
8418,9
8419,3
8420,11
8421,11
8422,11
8423,11
8424,8
8425,11
8426,1
8427,11
8428,11
8429,11
8430,4
8431,11
8432,4
8433,11
8434,4
8435,11
8436,11
8437,0
8438,4
8439,9
8440,11
8441,11
8442,11
8443,7
8444,11
8445,11
8446,3
8447,1
8448,11
8449,11
8450,11
8451,11
8452,11
8453,6
8454,2
8455,8
8456,11
8457,1
8458,5
8459,11
8460,11
8461,1
8462,4
8463,11
8464,11
8465,11
8466,11
8467,11
8468,11
8469,9
8470,11
8471,11
8472,11
8473,11
8474,11
8475,11
8476,9
8477,7
8478,4
8479,4
8480,3
8481,0
8482,11
8483,4
8484,6
8485,0
8486,11
8487,11
8488,6
8489,11
8490,0
8491,11
8492,3
8493,11
8494,11
8495,3
8496,2
8497,1
8498,11
8499,11
8500,8
8501,3
8502,11
8503,8
8504,11
8505,11
8506,11
8507,11
8508,11
8509,11
8510,11
8511,9
8512,11
8513,6
8514,11
8515,11
8516,11
8517,11
8518,11
8519,4
8520,11
8521,11
8522,0
8523,11
8524,11
8525,2
8526,11
8527,11
8528,11
8529,11
8530,11
8531,8
8532,11
8533,0
8534,1
8535,11
8536,11
8537,10
8538,11
8539,11
8540,11
8541,3
8542,11
8543,11
8544,11
8545,1
8546,11
8547,9
8548,11
8549,11
8550,7
8551,11
8552,11
8553,11
8554,5
8555,11
8556,3
8557,11
8558,1
8559,11
8560,11
8561,2
8562,5
8563,11
8564,11
8565,11
8566,11
8567,11
8568,11
8569,3
8570,11
8571,10
8572,0
8573,8
8574,11
8575,1
8576,3
8577,11
8578,11
8579,2
8580,11
8581,11
8582,11
8583,5
8584,11
8585,11
8586,4
8587,11
8588,1
8589,5
8590,6
8591,11
8592,11
8593,11
8594,9
8595,11
8596,0
8597,11
8598,2
8599,11
8600,11
8601,1
8602,11
8603,11
8604,11
8605,11
8606,2
8607,11
8608,11
8609,11
8610,11
8611,3
8612,11
8613,11
8614,2
8615,11
8616,0
8617,8
8618,11
8619,11
8620,10
8621,11
8622,5
8623,11
8624,11
8625,11
8626,11
8627,5
8628,4
8629,0
8630,11
8631,6
8632,8
8633,8
8634,11
8635,11
8636,11
8637,11
8638,6
8639,11
8640,2
8641,11
8642,11
8643,2
8644,11
8645,11
8646,5
8647,11
8648,11
8649,9
8650,7
8651,8
8652,11
8653,5
8654,11
8655,11
8656,11
8657,11
8658,11
8659,9
8660,8
8661,11
8662,4
8663,9
8664,11
8665,11
8666,9
8667,11
8668,5
8669,11
8670,8
8671,8
8672,11
8673,6
8674,11
8675,11
8676,2
8677,6
8678,11
8679,9
8680,11
8681,11
8682,5
8683,11
8684,3
8685,11
8686,4
8687,5
8688,11
8689,11
8690,1
8691,11
8692,11
8693,11
8694,11
8695,11
8696,11
8697,11
8698,11
8699,11
8700,5
8701,11
8702,1
8703,11
8704,2
8705,11
8706,11
8707,11
8708,11
8709,11
8710,11
8711,11
8712,0
8713,6
8714,7
8715,1
8716,1
8717,4
8718,11
8719,6
8720,3
8721,4
8722,11
8723,11
8724,11
8725,11
8726,11
8727,11
8728,8
8729,4
8730,11
8731,11
8732,11
8733,11
8734,1
8735,11
8736,11
8737,11
8738,11
8739,7
8740,11
8741,11
8742,11
8743,9
8744,11
8745,0
8746,4
8747,11
8748,4
8749,11
8750,3
8751,11
8752,11
8753,11
8754,5
8755,0
8756,11
8757,3
8758,11
8759,11
8760,11
8761,3
8762,11
8763,1
8764,11
8765,11
8766,11
8767,2
8768,11
8769,11
8770,9
8771,2
8772,11
8773,11
8774,11
8775,11
8776,0
8777,11
8778,5
8779,5
8780,11
8781,11
8782,11
8783,5
8784,11
8785,11
8786,4
8787,11
8788,7
8789,11
8790,11
8791,11
8792,11
8793,5
8794,6
8795,11
8796,7
8797,4
8798,0
8799,7
8800,11
8801,1
8802,11
8803,5
8804,9
8805,5
8806,11
8807,11
8808,11
8809,4
8810,11
8811,0
8812,4
8813,8
8814,3
8815,11
8816,8
8817,11
8818,11
8819,11
8820,11
8821,5
8822,11
8823,4
8824,11
8825,3
8826,11
8827,11
8828,11
8829,11
8830,11
8831,1
8832,11
8833,1
8834,4
8835,11
8836,9
8837,11
8838,11
8839,1
8840,11
8841,0
8842,11
8843,11
8844,4
8845,0
8846,11
8847,2
8848,1
8849,11
8850,5
8851,5
8852,4
8853,11
8854,0
8855,6
8856,8
8857,1
8858,9
8859,11
8860,11
8861,11
8862,6
8863,11
8864,11
8865,3
8866,1
8867,2
8868,11
8869,11
8870,1
8871,11
8872,6
8873,11
8874,11
8875,6
8876,11
8877,11
8878,4
8879,11
8880,11
8881,7
8882,11
8883,11
8884,9
8885,2
8886,11
8887,11
8888,11
8889,4
8890,8
8891,1
8892,11
8893,5
8894,11
8895,11
8896,5
8897,11
8898,9
8899,11
8900,2
8901,7
8902,11
8903,11
8904,11
8905,7
8906,11
8907,11
8908,11
8909,11
8910,11
8911,11
8912,11
8913,11
8914,2
8915,11
8916,3
8917,3
8918,9
8919,0
8920,11
8921,11
8922,11
8923,11
8924,11
8925,9
8926,11
8927,7
8928,1
8929,11
8930,6
8931,2
8932,11
8933,11
8934,6
8935,11
8936,11
8937,11
8938,11
8939,11
8940,11
8941,11
8942,11
8943,11
8944,11
8945,11
8946,11
8947,11
8948,11
8949,11
8950,9
8951,11
8952,11
8953,6
8954,3
8955,11
8956,11
8957,11
8958,11
8959,4
8960,9
8961,9
8962,6
8963,11
8964,11
8965,11
8966,6
8967,5
8968,11
8969,2
8970,11
8971,11
8972,11
8973,11
8974,11
8975,11
8976,9
8977,11
8978,11
8979,11
8980,1
8981,11
8982,11
8983,0
8984,11
8985,11
8986,11
8987,1
8988,11
8989,11
8990,9
8991,11
8992,11
8993,11
8994,11
8995,8
8996,0
8997,11
8998,9
8999,7
9000,4
9001,11
9002,11
9003,11
9004,11
9005,11
9006,11
9007,11
9008,11
9009,5
9010,11
9011,11
9012,11
9013,11
9014,4
9015,11
9016,10
9017,11
9018,11
9019,11
9020,9
9021,11
9022,11
9023,11
9024,11
9025,0
9026,11
9027,11
9028,11
9029,11
9030,4
9031,11
9032,11
9033,0
9034,5
9035,11
9036,4
9037,6
9038,11
9039,5
9040,7
9041,1
9042,11
9043,11
9044,11
9045,2
9046,11
9047,11
9048,1
9049,11
9050,11
9051,11
9052,11
9053,11
9054,11
9055,11
9056,9
9057,11
9058,11
9059,11
9060,1
9061,5
9062,8
9063,11
9064,3
9065,8
9066,9
9067,11
9068,11
9069,11
9070,10
9071,0
9072,11
9073,11
9074,11
9075,11
9076,11
9077,11
9078,11
9079,11
9080,4
9081,3
9082,11
9083,11
9084,9
9085,2
9086,11
9087,11
9088,7
9089,3
9090,11
9091,4
9092,9
9093,11
9094,7
9095,11
9096,3
9097,11
9098,11
9099,11
9100,11
9101,11
9102,1
9103,7
9104,3
9105,2
9106,9
9107,11
9108,11
9109,11
9110,11
9111,11
9112,8
9113,11
9114,9
9115,5
9116,11
9117,11
9118,5
9119,11
9120,11
9121,11
9122,7
9123,11
9124,11
9125,5
9126,10
9127,11
9128,11
9129,11
9130,11
9131,5
9132,11
9133,8
9134,11
9135,11
9136,8
9137,11
9138,11
9139,6
9140,11
9141,11
9142,0
9143,6
9144,11
9145,11
9146,11
9147,7
9148,4
9149,11
9150,11
9151,11
9152,11
9153,11
9154,0
9155,11
9156,7
9157,3
9158,11
9159,11
9160,11
9161,2
9162,11
9163,5
9164,3
9165,4
9166,11
9167,11
9168,4
9169,9
9170,11
9171,11
9172,3
9173,11
9174,3
9175,11
9176,0
9177,1
9178,11
9179,11
9180,11
9181,6
9182,11
9183,11
9184,11
9185,4
9186,4
9187,11
9188,8
9189,11
9190,11
9191,11
9192,11
9193,11
9194,11
9195,0
9196,11
9197,11
9198,9
9199,4
9200,11
9201,11
9202,6
9203,11
9204,2
9205,11
9206,3
9207,8
9208,11
9209,11
9210,11
9211,7
9212,11
9213,11
9214,11
9215,11
9216,8
9217,11
9218,11
9219,11
9220,11
9221,11
9222,11
9223,7
9224,11
9225,11
9226,8
9227,11
9228,10
9229,8
9230,11
9231,3
9232,2
9233,11
9234,11
9235,11
9236,11
9237,7
9238,11
9239,8
9240,11
9241,11
9242,9
9243,7
9244,11
9245,9
9246,6
9247,7
9248,8
9249,11
9250,4
9251,11
9252,6
9253,11
9254,11
9255,11
9256,7
9257,11
9258,11
9259,11
9260,0
9261,6
9262,8
9263,11
9264,11
9265,0
9266,11
9267,11
9268,11
9269,11
9270,10
9271,7
9272,10
9273,2
9274,11
9275,1
9276,6
9277,11
9278,11
9279,11
9280,11
9281,11
9282,10
9283,11
9284,7
9285,11
9286,11
9287,11
9288,11
9289,1
9290,11
9291,5
9292,2
9293,5
9294,5
9295,6
9296,11
9297,7
9298,11
9299,3
9300,4
9301,11
9302,11
9303,1
9304,11
9305,11
9306,11
9307,11
9308,11
9309,11
9310,11
9311,3
9312,11
9313,4
9314,11
9315,2
9316,11
9317,8
9318,11
9319,11
9320,11
9321,11
9322,11
9323,11
9324,11
9325,11
9326,11
9327,11
9328,1
9329,11
9330,11
9331,2
9332,4
9333,5
9334,7
9335,11
9336,0
9337,3
9338,1
9339,11
9340,11
9341,8
9342,11
9343,11
9344,11
9345,7
9346,1
9347,11
9348,11
9349,11
9350,11
9351,11
9352,10
9353,11
9354,11
9355,3
9356,11
9357,11
9358,11
9359,11
9360,4
9361,11
9362,0
9363,1
9364,11
9365,4
9366,11
9367,11
9368,11
9369,11
9370,11
9371,11
9372,11
9373,8
9374,9
9375,11
9376,11
9377,11
9378,5
9379,0
9380,11
9381,11
9382,11
9383,6
9384,11
9385,11
9386,11
9387,11
9388,5
9389,11
9390,11
9391,11
9392,11
9393,11
9394,11
9395,5
9396,11
9397,0
9398,4
9399,11
9400,2
9401,11
9402,11
9403,11
9404,11
9405,11
9406,0
9407,11
9408,11
9409,11
9410,2
9411,11
9412,11
9413,11
9414,11
9415,11
9416,11
9417,11
9418,11
9419,5
9420,6
9421,9
9422,11
9423,0
9424,11
9425,11
9426,5
9427,11
9428,11
9429,1
9430,11
9431,11
9432,5
9433,11
9434,2
9435,11
9436,3
9437,11
9438,11
9439,3
9440,7
9441,11
9442,11
9443,5
9444,11
9445,11
9446,11
9447,11
9448,11
9449,8
9450,11
9451,6
9452,11
9453,8
9454,11
9455,11
9456,11
9457,11
9458,11
9459,3
9460,11
9461,4
9462,7
9463,1
9464,11
9465,4
9466,11
9467,11
9468,11
9469,9
9470,11
9471,4
9472,11
9473,11
9474,11
9475,2
9476,11
9477,11
9478,11
9479,11
9480,5
9481,11
9482,5
9483,11
9484,11
9485,1
9486,8
9487,11
9488,6
9489,2
9490,5
9491,5
9492,1
9493,0
9494,11
9495,11
9496,11
9497,11
9498,10
9499,11
9500,11
9501,3
9502,10
9503,5
9504,11
9505,6
9506,3
9507,11
9508,11
9509,11
9510,11
9511,11
9512,11
9513,11
9514,3
9515,11
9516,11
9517,11
9518,6
9519,2
9520,11
9521,4
9522,11
9523,11
9524,11
9525,5
9526,11
9527,11
9528,7
9529,5
9530,6
9531,11
9532,5
9533,2
9534,11
9535,7
9536,11
9537,0
9538,2
9539,4
9540,11
9541,11
9542,5
9543,11
9544,11
9545,11
9546,3
9547,11
9548,6
9549,7
9550,9
9551,7
9552,10
9553,10
9554,1
9555,11
9556,11
9557,6
9558,11
9559,5
9560,2
9561,11
9562,11
9563,6
9564,11
9565,6
9566,5
9567,9
9568,11
9569,11
9570,11
9571,11
9572,11
9573,11
9574,6
9575,11
9576,5
9577,11
9578,11
9579,11
9580,0
9581,11
9582,11
9583,11
9584,4
9585,6
9586,9
9587,11
9588,0
9589,11
9590,6
9591,11
9592,1
9593,9
9594,2
9595,11
9596,11
9597,11
9598,2
9599,11
9600,11
9601,5
9602,11
9603,9
9604,2
9605,2
9606,11
9607,4
9608,11
9609,2
9610,11
9611,11
9612,11
9613,9
9614,11
9615,11
9616,11
9617,11
9618,0
9619,11
9620,11
9621,11
9622,11
9623,3
9624,11
9625,11
9626,6
9627,6
9628,4
9629,11
9630,11
9631,11
9632,0
9633,11
9634,11
9635,11
9636,11
9637,11
9638,0
9639,11
9640,11
9641,7
9642,11
9643,11
9644,9
9645,11
9646,11
9647,11
9648,2
9649,11
9650,1
9651,8
9652,11
9653,6
9654,11
9655,11
9656,1
9657,11
9658,11
9659,11
9660,11
9661,9
9662,5
9663,11
9664,1
9665,11
9666,2
9667,11
9668,11
9669,11
9670,11
9671,11
9672,11
9673,11
9674,11
9675,1
9676,11
9677,11
9678,11
9679,11
9680,11
9681,11
9682,0
9683,7
9684,11
9685,11
9686,11
9687,11
9688,8
9689,10
9690,11
9691,1
9692,3
9693,11
9694,11
9695,11
9696,4
9697,11
9698,11
9699,10
9700,4
9701,5
9702,11
9703,11
9704,11
9705,0
9706,11
9707,11
9708,11
9709,6
9710,11
9711,5
9712,11
9713,2
9714,11
9715,11
9716,11
9717,6
9718,11
9719,8
9720,11
9721,11
9722,6
9723,11
9724,11
9725,11
9726,11
9727,9
9728,1
9729,11
9730,7
9731,11
9732,11
9733,11
9734,0
9735,6
9736,11
9737,8
9738,11
9739,11
9740,6
9741,11
9742,11
9743,11
9744,11
9745,3
9746,2
9747,6
9748,11
9749,11
9750,9
9751,11
9752,11
9753,11
9754,11
9755,7
9756,11
9757,3
9758,11
9759,11
9760,7
9761,11
9762,11
9763,3
9764,11
9765,11
9766,11
9767,11
9768,4
9769,11
9770,11
9771,11
9772,11
9773,4
9774,11
9775,11
9776,2
9777,7
9778,3
9779,11
9780,11
9781,0
9782,11
9783,11
9784,9
9785,3
9786,11
9787,11
9788,7
9789,11
9790,0
9791,11
9792,11
9793,11
9794,10
9795,8
9796,5
9797,11
9798,11
9799,11
9800,11
9801,9
9802,11
9803,11
9804,11
9805,6
9806,11
9807,11
9808,6
9809,8
9810,11
9811,11
9812,8
9813,7
9814,11
9815,11
9816,11
9817,1
9818,11
9819,11
9820,11
9821,11
9822,8
9823,11
9824,11
9825,11
9826,11
9827,9
9828,11
9829,11
9830,9
9831,11
9832,10
9833,1
9834,7
9835,11
9836,7
9837,8
9838,11
9839,5
9840,0
9841,8
9842,11
9843,11
9844,3
9845,11
9846,2
9847,1
9848,6
9849,2
9850,0
9851,2
9852,11
9853,11
9854,11
9855,8
9856,4
9857,11
9858,11
9859,11
9860,11
9861,11
9862,5
9863,0
9864,2
9865,11
9866,8
9867,5
9868,11
9869,11
9870,11
9871,11
9872,8
9873,9
9874,11
9875,11
9876,11
9877,11
9878,11
9879,8
9880,5
9881,11
9882,11
9883,11
9884,11
9885,11
9886,11
9887,5
9888,11
9889,8
9890,3
9891,11
9892,11
9893,11
9894,11
9895,11
9896,11
9897,5
9898,11
9899,11
9900,4
9901,6
9902,1
9903,11
9904,4
9905,3
9906,2
9907,11
9908,9
9909,11
9910,11
9911,7
9912,2
9913,11
9914,6
9915,2
9916,11
9917,9
9918,11
9919,11
9920,11
9921,11
9922,11
9923,5
9924,11
9925,7
9926,11
9927,11
9928,4
9929,11
9930,7
9931,3
9932,3
9933,11
9934,11
9935,11
9936,11
9937,11
9938,9
9939,2
9940,11
9941,11
9942,5
9943,11
9944,4
9945,11
9946,11
9947,11
9948,7
9949,11
9950,4
9951,6
9952,11
9953,11
9954,11
9955,11
9956,11
9957,11
9958,11
9959,7
9960,4
9961,7
9962,11
9963,0
9964,9
9965,11
9966,11
9967,11
9968,11
9969,11
9970,3
9971,9
9972,11
9973,8
9974,9
9975,9
9976,1
9977,9
9978,11
9979,5
9980,11
9981,11
9982,11
9983,7
9984,6
9985,4
9986,11
9987,11
9988,5
9989,11
9990,11
9991,6
9992,5
9993,11
9994,11
9995,11
9996,11
9997,8
9998,11
9999,3
10000,11
10001,11
10002,11
10003,11
10004,11
10005,4
10006,9
10007,11
10008,9
10009,11
10010,11
10011,11
10012,11
10013,11
10014,9
10015,3
10016,6
10017,11
10018,7
10019,11
10020,11
10021,4
10022,0
10023,11
10024,0
10025,11
10026,1
10027,11
10028,11
10029,6
10030,11
10031,4
10032,11
10033,11
10034,11
10035,11
10036,11
10037,11
10038,11
10039,11
10040,11
10041,2
10042,5
10043,11
10044,3
10045,11
10046,11
10047,5
10048,11
10049,6
10050,1
10051,1
10052,11
10053,11
10054,7
10055,1
10056,6
10057,1
10058,11
10059,6
10060,11
10061,0
10062,11
10063,11
10064,8
10065,10
10066,11
10067,9
10068,5
10069,11
10070,1
10071,11
10072,2
10073,8
10074,11
10075,11
10076,1
10077,11
10078,11
10079,11
10080,11
10081,11
10082,11
10083,11
10084,11
10085,1
10086,1
10087,11
10088,11
10089,11
10090,11
10091,2
10092,6
10093,11
10094,11
10095,8
10096,11
10097,6
10098,0
10099,0
10100,11
10101,11
